GTCBSA,HEHOUSUT,HETENURE,HEFAMINC,PEEDUCA,PEMLR,PESEX,PEMARITL,PWCMPWGT,HRNUMHOU,PWFMWGT,PWLGWGT,PWORWGT,PWSSWGT,Year,Month
32580,6,1,8,38,4,2,6,3500.7090,3,3640.0131,5252.9611,0.0000,3640.0131,2020,jan
38300,1,1,13,36,7,1,6,3088.9753,3,3129.3814,4401.0274,11745.0501,3129.3814,2011,jan
35620,1,2,14,34,5,2,1,3172.7761,3,3246.4801,4661.1826,0.0000,3246.4801,2016,jan
31080,1,1,16,37,5,2,3,3472.7324,6,3351.9674,5017.4427,0.0000,3351.9674,2022,jan
0,1,2,11,-1,-1,2,-1,0.0000,2,1358.9879,0.0000,0.0000,1358.9879,2022,jan
19820,1,1,12,39,1,2,6,2794.9585,2,2757.7352,0.0000,0.0000,2757.7352,2016,jan
29820,1,2,11,42,-1,1,1,0.0000,2,1214.6387,0.0000,0.0000,0.0000,2013,jan
16980,1,1,14,39,1,1,6,4834.5861,6,4652.1512,0.0000,0.0000,4652.1512,2019,jan
0,1,1,7,40,5,1,5,1066.1954,1,1077.2340,1533.1980,0.0000,1077.2340,2018,jan
77200,1,1,15,-1,-1,1,-1,0.0000,5,486.1352,0.0000,0.0000,486.1352,2012,jan
0,1,1,13,44,1,1,1,282.8124,4,300.0525,0.0000,0.0000,278.6001,2010,jan
35620,1,2,8,33,7,2,1,3212.6924,6,3300.7222,0.0000,0.0000,3300.7222,2013,jan
12020,1,2,13,39,1,1,6,4974.0739,3,5037.1690,7537.6701,0.0000,5037.1690,2022,jan
79600,1,2,11,39,1,1,6,3688.2233,3,3766.9069,5297.6159,0.0000,3766.9069,2011,jan
33100,1,2,13,43,1,2,6,3871.5220,4,3909.3799,5664.8557,0.0000,3909.3799,2019,jan
0,1,1,15,-1,-1,2,-1,0.0000,5,524.6955,0.0000,0.0000,524.6955,2022,jan
0,1,2,7,37,1,1,6,1091.5406,2,1038.8808,0.0000,0.0000,1038.8808,2018,jan
26420,1,1,15,43,1,2,1,4780.9668,2,4815.1888,0.0000,0.0000,4815.1888,2020,jan
18140,1,1,8,39,5,2,1,3155.9196,2,3195.9879,4577.2268,0.0000,3195.9879,2015,jan
47900,1,2,15,43,1,1,6,339.4551,3,341.7250,489.9811,0.0000,341.7250,2016,jan
40900,1,1,15,44,1,1,6,4309.4795,5,4338.8610,6290.8929,16950.6439,4338.8610,2019,jan
19740,1,1,10,44,1,2,1,4058.7676,2,4181.9626,6038.7456,16430.8006,4181.9626,2017,jan
35380,1,1,15,44,1,2,1,2105.8218,2,2134.7723,3080.7241,0.0000,2134.7723,2020,jan
47260,1,1,12,44,5,2,3,2676.9780,1,2752.9172,3892.7378,0.0000,2752.9172,2010,jan
12060,1,1,14,39,5,1,1,3013.7330,3,3221.8317,4399.9080,0.0000,3034.6391,2019,jan
0,1,1,5,39,5,2,3,556.0869,1,553.7991,802.4782,2232.8007,553.7991,2019,jan
40140,5,2,9,-1,-1,1,-1,0.0000,5,2461.3856,0.0000,0.0000,2461.3856,2012,jan
0,1,2,5,38,6,2,1,3589.5322,4,3531.1823,4980.6796,14117.7377,3531.1823,2012,jan
12580,1,1,16,43,1,1,1,1803.3004,6,1660.8688,2538.5495,0.0000,1795.0021,2010,jan
31080,1,1,13,43,2,1,4,3219.4558,3,3251.9052,4662.7313,12869.9389,3251.9052,2016,jan
35620,1,2,11,43,1,2,1,4143.8038,2,4247.5368,5997.1141,0.0000,4247.5368,2013,jan
16980,1,1,16,39,7,2,1,3242.7750,5,3214.7952,4534.4204,0.0000,3214.7952,2012,jan
19380,1,1,10,39,1,1,6,4380.5359,2,4433.9167,0.0000,0.0000,4433.9167,2017,jan
0,1,2,1,-1,-1,2,-1,0.0000,4,2346.8328,0.0000,0.0000,2346.8328,2010,jan
18140,1,1,12,43,5,1,1,3056.4823,2,3458.9479,4286.8846,12160.1168,3037.3881,2014,jan
49180,1,1,10,41,5,1,1,3934.9593,2,3677.6037,5882.3187,15682.3632,3930.9539,2022,jan
26820,1,1,13,41,1,1,6,1004.8990,4,988.5989,0.0000,0.0000,988.5989,2022,jan
48140,1,1,9,-1,-1,1,-1,0.0000,5,1724.6645,0.0000,0.0000,1724.6645,2015,jan
31700,1,1,15,39,1,1,6,925.4451,4,922.4647,0.0000,0.0000,922.4647,2020,jan
46520,1,1,14,43,1,1,1,716.0138,3,672.9267,0.0000,0.0000,722.4048,2019,jan
27140,1,2,1,39,1,1,1,2580.3591,2,2586.8257,3510.8892,0.0000,2481.7533,2013,jan
35620,1,1,16,44,1,1,1,4622.0037,2,4345.6639,0.0000,0.0000,4653.0001,2015,jan
41700,1,1,15,43,1,2,6,3668.6073,4,3690.2655,5285.1207,0.0000,3690.2655,2015,jan
45300,1,1,13,39,1,2,1,3514.1043,4,3521.9973,5085.7570,13904.9767,3521.9973,2017,jan
45300,1,1,15,40,1,1,6,4714.1206,3,4703.2892,0.0000,0.0000,4703.2892,2019,jan
32820,1,1,10,43,1,2,6,2621.7208,2,2607.0272,3666.6039,0.0000,2607.0272,2011,jan
31100,1,1,12,34,5,2,4,4068.3248,2,3994.7210,5618.2994,0.0000,3994.7210,2011,jan
19740,1,1,15,42,1,1,6,3194.8627,4,3168.2579,4574.7331,12559.3566,3168.2579,2017,jan
0,1,1,15,46,1,1,4,3493.6743,3,3461.8953,4885.8905,0.0000,3461.8953,2012,jan
0,1,1,7,39,7,2,2,632.4451,4,619.1604,894.0664,2511.6639,619.1604,2017,jan
12060,1,1,12,39,5,2,4,4840.5394,2,4881.1694,7240.1361,19073.1821,4881.1694,2023,jan
32780,1,1,15,40,1,2,1,2323.9637,3,2352.5515,0.0000,0.0000,2352.5515,2021,jan
0,1,1,14,39,1,1,1,644.2622,5,612.5236,0.0000,0.0000,618.9808,2017,jan
41620,1,1,15,44,1,1,1,1642.9890,2,1202.4860,2374.9102,0.0000,1644.7578,2017,jan
0,1,1,16,-1,-1,1,-1,0.0000,5,318.8689,0.0000,0.0000,318.8689,2018,jan
0,1,1,14,39,7,2,1,1673.8718,3,1675.9714,2363.9326,6583.3881,1675.9714,2012,jan
0,1,1,13,-1,-1,2,-1,0.0000,5,350.7868,0.0000,0.0000,350.7868,2014,jan
35620,1,2,10,-1,-1,1,-1,0.0000,6,5422.9965,0.0000,0.0000,5422.9965,2015,jan
0,1,1,15,40,1,2,1,1069.9482,4,1064.5489,1522.6360,0.0000,1064.5489,2018,jan
0,1,1,12,41,1,1,1,1827.3268,3,1945.8997,0.0000,7280.6966,1824.7903,2012,jan
27260,1,1,16,39,1,2,1,4844.5793,2,4890.1782,0.0000,0.0000,4890.1782,2020,jan
15540,1,1,16,42,1,1,1,356.8508,3,353.2554,514.0672,0.0000,354.5548,2019,jan
12220,1,1,1,42,4,2,1,1719.3506,4,1710.4895,2446.5319,0.0000,1710.4895,2018,jan
19340,1,2,6,-1,-1,2,-1,0.0000,4,1691.9681,0.0000,0.0000,1691.9681,2019,jan
17900,1,2,14,43,1,1,4,2719.0181,2,2736.6487,3916.7081,0.0000,2736.6487,2015,jan
0,1,2,12,43,7,1,1,888.0225,2,710.3472,1198.8957,3494.4849,849.4770,2012,jan
0,1,1,15,42,7,2,1,532.1223,3,520.4305,731.9495,2113.0385,520.4305,2011,jan
49340,1,2,15,44,1,1,6,2779.2660,1,2776.1777,3980.6113,0.0000,2776.1777,2016,jan
41620,1,-1,16,43,1,1,1,2085.8383,2,2046.7770,0.0000,0.0000,2077.4672,2024,jan
0,1,1,12,39,6,1,6,1286.6299,6,1290.5540,1821.4027,5018.2785,1290.5540,2012,jan
0,1,-1,14,43,7,2,1,787.4416,2,795.3957,0.0000,0.0000,795.3957,2024,jan
16860,1,1,13,40,1,2,1,2992.1109,2,3020.3278,4268.8800,0.0000,3020.3278,2014,jan
38900,1,1,7,43,1,1,4,2303.6019,1,2350.0667,3369.6337,8922.4745,2350.0667,2016,jan
0,1,2,6,39,4,1,1,1441.4500,3,1976.2577,0.0000,0.0000,1468.7596,2014,jan
12060,1,1,14,42,7,2,1,3293.6723,4,3516.3166,4969.9022,0.0000,3516.3166,2014,jan
29820,1,2,7,-1,-1,1,-1,0.0000,3,1331.4766,0.0000,0.0000,1331.4766,2011,jan
37100,1,1,15,43,1,2,1,2887.1087,3,2880.2170,0.0000,0.0000,2880.2170,2014,jan
30340,1,2,7,-1,-1,2,-1,0.0000,3,1119.3707,0.0000,0.0000,1119.3707,2019,jan
24340,1,1,16,40,7,1,6,3091.9648,5,3162.1240,4565.8762,0.0000,3162.1240,2017,jan
0,1,1,11,42,1,2,1,850.5289,2,839.4694,1211.4517,3340.5602,839.4694,2020,jan
0,1,-1,11,40,5,2,4,5167.0289,1,5157.7552,0.0000,0.0000,5157.7552,2024,jan
33100,1,1,2,-1,-1,1,-1,0.0000,5,4595.5369,0.0000,0.0000,4595.5369,2012,jan
31080,1,1,16,39,1,1,2,4072.2605,2,4036.8129,5983.1259,16584.9407,4036.8129,2023,jan
10740,1,1,14,43,1,1,6,1688.0234,4,1690.9154,0.0000,0.0000,1690.9154,2021,jan
43340,5,1,15,39,1,1,1,1435.3281,4,1012.5243,2110.2015,0.0000,1461.4323,2017,jan
0,1,1,2,39,1,1,1,1434.8831,4,1009.0609,0.0000,0.0000,1426.5906,2018,jan
0,1,1,14,39,1,2,6,553.9971,4,534.0494,0.0000,2144.5220,534.0494,2021,jan
0,1,1,15,36,7,1,6,2516.5083,6,2477.2665,3702.7702,0.0000,2477.2665,2021,jan
36540,1,1,12,40,1,2,1,672.6829,2,678.0018,958.7224,0.0000,678.0018,2010,jan
47260,1,2,15,40,1,1,6,6248.3776,3,6424.1854,0.0000,0.0000,6424.1854,2022,jan
49340,1,1,13,44,1,2,6,2629.9830,1,2615.6167,0.0000,0.0000,2615.6167,2019,jan
39300,1,1,11,39,1,1,6,721.6696,3,730.5725,1045.5998,2924.0243,730.5725,2015,jan
0,1,1,14,-1,-1,2,-1,0.0000,6,955.2824,0.0000,0.0000,955.2824,2021,jan
0,1,1,1,39,6,1,6,1937.1562,1,1883.6102,2664.7076,8079.0592,1883.6102,2013,jan
10580,1,2,2,39,3,1,1,5531.9206,4,3353.7917,0.0000,0.0000,5659.2439,2013,jan
0,1,-1,7,44,5,2,4,2971.0458,1,2903.2123,4311.0409,0.0000,2903.2123,2024,jan
21340,1,1,11,42,2,2,1,2647.6283,4,2727.1781,3856.3416,10917.1193,2727.1781,2010,jan
0,1,-1,9,40,5,2,1,615.7268,3,593.8778,0.0000,0.0000,593.8778,2024,jan
14460,1,2,1,39,6,1,6,3954.7270,1,3780.9171,0.0000,0.0000,3780.9171,2022,jan
0,1,2,2,37,6,2,6,2144.2916,2,2142.5163,3013.3013,0.0000,2142.5163,2011,jan
0,1,1,12,40,1,1,4,525.4747,4,516.0625,730.0638,0.0000,516.0625,2013,jan
17660,1,1,9,43,5,2,3,792.1576,1,793.3782,1139.1047,0.0000,793.3782,2016,jan
14460,1,1,16,44,1,2,1,2488.7346,5,2461.5487,0.0000,0.0000,2461.5487,2016,jan
35620,1,-1,16,43,2,2,6,5042.2513,3,5179.2735,7690.8120,20027.5045,5179.2735,2024,jan
13780,1,1,16,43,5,2,1,3059.2250,4,3169.5420,4475.0890,0.0000,3169.5420,2013,jan
0,1,1,15,43,1,2,1,370.5340,5,380.2987,543.9454,0.0000,380.2987,2018,jan
38900,1,1,16,44,1,1,4,2004.7332,3,2008.6329,0.0000,0.0000,2008.6329,2017,jan
30780,1,1,10,-1,-1,1,-1,0.0000,3,901.7336,0.0000,0.0000,901.7336,2023,jan
37980,1,-1,9,37,7,1,6,5852.5217,5,5123.2518,7593.3969,0.0000,5123.2518,2024,jan
0,1,1,14,39,1,2,1,332.4985,5,331.8473,0.0000,0.0000,331.8473,2015,jan
77200,1,2,6,42,1,1,6,359.5865,1,363.0103,519.5425,0.0000,363.0103,2015,jan
40060,1,2,16,43,1,2,1,2575.0766,4,2615.6332,3746.0549,10203.5324,2615.6332,2015,jan
0,1,1,14,42,1,2,1,1801.4737,4,1809.8242,2545.3929,0.0000,1809.8242,2011,jan
41180,1,1,16,-1,-1,1,-1,0.0000,4,2677.8445,0.0000,0.0000,2677.8445,2015,jan
42660,1,1,14,43,7,2,6,4169.1068,3,4153.3641,0.0000,0.0000,4153.3641,2023,jan
0,5,1,7,44,1,1,6,2126.7986,5,2152.2624,3043.7983,0.0000,2152.2624,2010,jan
39580,1,-1,16,-1,-1,1,-1,0.0000,3,5923.9594,0.0000,0.0000,5923.9594,2024,jan
48620,1,1,13,39,1,1,1,1076.1568,6,1205.0382,0.0000,0.0000,1069.0045,2011,jan
33460,1,1,16,40,1,2,1,3558.3563,3,3692.2005,5331.5301,0.0000,3692.2005,2017,jan
41940,1,1,16,44,1,1,6,4716.2569,2,4713.1012,0.0000,0.0000,4713.1012,2023,jan
42660,1,1,4,43,7,1,4,2373.6004,2,2387.2483,0.0000,0.0000,2387.2483,2013,jan
27260,1,1,13,37,1,1,6,3260.0260,2,3243.2177,4682.9696,0.0000,3243.2177,2017,jan
40140,1,1,9,-1,-1,2,-1,0.0000,6,3215.3510,0.0000,0.0000,3215.3510,2011,jan
25420,1,2,12,42,1,2,6,2889.8615,1,2906.6387,4108.1937,0.0000,2906.6387,2014,jan
0,1,2,2,43,5,1,2,403.5686,1,393.8084,588.6254,0.0000,393.8084,2021,jan
0,1,1,12,39,5,1,1,1835.0061,2,1794.8948,2646.6018,0.0000,1785.6613,2023,jan
43620,1,1,15,-1,-1,1,-1,0.0000,5,628.5485,0.0000,0.0000,628.5485,2017,jan
0,1,1,13,39,5,2,1,894.5009,2,923.6099,1333.6909,0.0000,923.6099,2017,jan
47900,1,1,16,-1,-1,2,-1,0.0000,6,3451.6981,0.0000,0.0000,3451.6981,2022,jan
24340,1,1,11,40,1,2,4,3056.3492,1,3144.9256,0.0000,0.0000,3144.9256,2015,jan
0,1,1,16,-1,-1,1,-1,0.0000,4,455.9859,0.0000,0.0000,455.9859,2010,jan
33100,1,1,8,41,1,1,6,3047.7314,1,3092.6298,0.0000,0.0000,3092.6298,2011,jan
46520,1,1,7,39,5,1,1,700.5836,2,632.5755,990.5106,0.0000,685.9838,2017,jan
16060,1,1,13,46,5,1,1,3034.4571,2,3399.7925,4347.1807,0.0000,3010.6651,2017,jan
17300,1,1,14,43,7,2,3,3596.5224,3,3701.8390,5364.1203,0.0000,3701.8390,2019,jan
0,1,3,10,40,1,1,1,531.5997,4,542.4797,762.7531,0.0000,532.9443,2015,jan
31080,1,2,14,-1,-1,2,-1,0.0000,4,2641.8739,0.0000,0.0000,2641.8739,2016,jan
14460,1,-1,3,40,6,1,6,3500.6559,2,3298.2579,4888.4931,0.0000,3298.2579,2024,jan
0,1,2,2,-1,-1,2,-1,0.0000,6,2579.2651,0.0000,0.0000,2579.2651,2018,jan
20100,1,2,15,37,1,2,4,570.4677,7,572.5557,826.7693,0.0000,572.5557,2017,jan
0,1,1,13,38,5,2,1,2896.6364,8,2906.3152,0.0000,0.0000,2906.3152,2022,jan
25540,1,2,15,-1,-1,2,-1,0.0000,4,3639.2912,0.0000,0.0000,3639.2912,2018,jan
38900,5,2,4,33,5,1,3,2864.9193,1,2864.5626,4028.5977,11291.5467,2864.5626,2011,jan
0,1,1,13,-1,-1,1,-1,0.0000,4,1393.8006,0.0000,0.0000,1393.8006,2022,jan
22220,1,2,9,-1,-1,2,-1,0.0000,7,2882.7123,0.0000,0.0000,2882.7123,2014,jan
12580,1,1,16,39,7,2,1,3345.0779,3,3181.4638,0.0000,0.0000,3181.4638,2016,jan
31100,1,1,13,-1,-1,1,-1,0.0000,5,3957.0058,0.0000,0.0000,3957.0058,2013,jan
26420,1,1,15,43,5,1,1,3480.0345,3,3247.7659,4879.4426,0.0000,3379.2862,2017,jan
41700,1,2,1,39,5,2,4,3421.2667,2,3398.4116,0.0000,0.0000,3398.4116,2023,jan
37980,1,2,9,-1,-1,1,-1,0.0000,6,367.2636,0.0000,0.0000,367.2636,2011,jan
15940,1,1,11,-1,-1,2,-1,0.0000,7,3195.7913,0.0000,0.0000,3195.7913,2014,jan
19300,1,2,11,-1,-1,1,-1,0.0000,3,3494.9942,0.0000,0.0000,3494.9942,2023,jan
0,1,-1,15,42,5,2,1,4396.9364,2,4462.0462,6625.7861,17421.2601,4462.0462,2024,jan
22020,1,-1,16,34,7,1,6,569.3848,6,555.0534,822.6690,2195.7847,555.0534,2024,jan
31080,1,2,9,43,1,1,1,2740.2580,2,2841.3160,4092.1475,10797.3948,2822.3751,2019,jan
21140,1,2,14,-1,-1,2,-1,0.0000,6,2895.9750,0.0000,0.0000,2895.9750,2016,jan
18140,1,2,3,-1,-1,2,-1,0.0000,6,3445.7368,0.0000,0.0000,3445.7368,2016,jan
38300,1,2,4,35,7,2,6,0.0000,6,2216.0948,0.0000,0.0000,2216.0948,2016,jan
46520,1,-1,15,43,5,1,1,822.6048,2,962.6986,1193.2607,3344.9381,805.0909,2024,jan
35620,1,1,16,39,1,2,4,4521.1197,2,4583.7793,0.0000,0.0000,4583.7793,2023,jan
71950,1,1,16,-1,-1,2,-1,0.0000,5,944.2941,0.0000,0.0000,944.2941,2010,jan
27140,1,1,13,-1,-1,2,-1,0.0000,4,1147.6845,0.0000,0.0000,1147.6845,2017,jan
29820,1,1,11,40,7,1,1,1347.1955,2,1200.4017,1943.5706,0.0000,1357.9950,2015,jan
19820,1,1,4,39,5,2,1,3334.4873,2,3340.2681,0.0000,0.0000,3340.2681,2012,jan
26420,1,-1,14,43,7,2,1,6152.0359,3,6200.3451,9207.0227,0.0000,6200.3451,2024,jan
27980,1,-1,11,-1,-1,2,-1,0.0000,5,1014.3290,0.0000,0.0000,1014.3290,2024,jan
31700,1,1,15,-1,-1,1,-1,0.0000,5,558.7747,0.0000,0.0000,558.7747,2018,jan
12580,1,1,16,43,1,1,1,1440.8651,2,1365.0426,2019.9388,0.0000,1427.8405,2013,jan
0,1,2,13,-1,-1,1,-1,0.0000,3,484.6939,0.0000,0.0000,484.6939,2017,jan
0,1,1,8,36,7,2,6,892.3742,3,896.3224,1286.9083,3586.1888,896.3224,2016,jan
19100,1,1,12,-1,-1,1,-1,0.0000,4,3009.2732,0.0000,0.0000,3009.2732,2012,jan
12580,1,1,15,40,5,2,1,1479.5773,3,1437.0175,2026.8917,5907.2715,1437.0175,2012,jan
38860,1,2,5,39,5,2,4,1049.1691,1,1083.3114,1564.2995,0.0000,1083.3114,2017,jan
39900,1,1,13,43,1,1,6,1209.2861,1,1206.1637,1705.7953,4877.4682,1206.1637,2010,jan
10580,1,-1,15,43,5,1,1,4043.5600,2,3585.3668,6119.5447,16442.2312,4128.8462,2024,jan
19100,1,1,5,39,5,2,3,3147.4342,1,3073.3019,4345.7749,12554.1392,3073.3019,2010,jan
37980,1,1,16,46,1,2,1,2646.0009,4,2633.7133,3771.9489,0.0000,2633.7133,2015,jan
19780,1,1,14,42,1,2,1,1896.2548,2,1886.6280,2722.6230,0.0000,1886.6280,2020,jan
47260,1,1,12,40,6,2,3,3867.5895,5,3902.6027,5603.2204,0.0000,3902.6027,2016,jan
12580,1,1,16,46,1,2,1,2814.4422,4,2866.8163,4116.0745,11037.3500,2866.8163,2016,jan
16980,1,1,7,39,1,2,1,2405.9802,3,2450.6577,3465.3305,0.0000,2450.6577,2010,jan
0,1,1,15,-1,-1,1,-1,0.0000,5,1238.6058,0.0000,0.0000,1238.6058,2015,jan
47900,1,1,16,44,1,2,1,2374.6297,4,2415.9719,3488.6587,0.0000,2415.9719,2017,jan
0,1,1,10,39,1,1,1,340.5078,2,277.8316,0.0000,0.0000,338.6663,2014,jan
38860,1,1,11,40,5,2,4,981.2057,1,980.4482,1407.6932,3920.0787,980.4482,2016,jan
0,1,2,8,-1,-1,1,-1,0.0000,6,1527.1543,0.0000,0.0000,1527.1543,2011,jan
16980,1,1,14,45,1,1,4,3340.1490,1,3370.4536,4866.6889,12977.7715,3370.4536,2017,jan
26620,1,1,14,43,5,2,1,1583.9131,2,1598.7817,2393.8366,0.0000,1598.7817,2021,jan
0,5,2,1,33,7,2,6,1370.2724,3,1385.4033,1981.5575,0.0000,1385.4033,2018,jan
0,1,3,13,43,5,1,1,545.9298,2,579.3310,0.0000,0.0000,548.3623,2019,jan
0,1,1,14,-1,-1,2,-1,0.0000,4,459.7890,0.0000,0.0000,459.7890,2018,jan
10740,1,-1,15,35,1,1,1,1530.8441,3,1119.2291,2313.2674,6058.8236,1560.7575,2024,jan
17660,1,2,13,40,7,2,1,1051.2688,3,1031.0178,0.0000,0.0000,1031.0178,2020,jan
43900,1,1,1,39,7,2,1,2811.0060,3,2831.3351,0.0000,0.0000,2831.3351,2019,jan
19820,1,1,11,39,1,2,4,5527.5499,3,5755.6898,8537.2939,0.0000,5755.6898,2023,jan
0,2,-1,15,-1,-1,1,-1,0.0000,3,6335.3636,0.0000,0.0000,6335.3636,2024,jan
19100,1,1,15,-1,-1,2,-1,0.0000,7,3616.1702,0.0000,0.0000,3616.1702,2014,jan
40140,1,1,4,-1,-1,2,-1,0.0000,6,5309.7826,0.0000,0.0000,5309.7826,2020,jan
37860,1,1,12,-1,-1,1,-1,0.0000,3,6661.4088,0.0000,0.0000,6661.4088,2010,jan
47900,1,1,10,45,1,1,1,1510.0316,5,1627.2552,2118.2126,6036.9629,1497.3076,2013,jan
0,1,1,11,39,1,1,1,1941.5907,2,1737.8574,2760.5637,0.0000,1951.9879,2010,jan
16980,1,1,14,44,1,1,1,2894.3188,4,3426.5088,4121.4422,0.0000,2920.2458,2012,jan
44180,1,1,13,40,1,2,4,2630.0586,2,2596.4168,3669.7313,10591.5221,2596.4168,2014,jan
41940,1,-1,16,44,1,2,1,2813.1479,5,2827.8826,4199.1823,11431.7161,2827.8826,2024,jan
36740,1,1,16,40,1,1,6,5292.7860,4,5044.1770,7119.0185,0.0000,5044.1770,2012,jan
45780,1,2,13,39,6,2,1,3355.5641,3,3469.4448,0.0000,0.0000,3469.4448,2015,jan
14260,1,2,12,40,1,1,6,862.5359,2,867.4235,1296.5379,3447.8260,867.4235,2021,jan
0,1,1,11,-1,-1,1,-1,0.0000,8,431.0223,0.0000,0.0000,431.0223,2020,jan
18140,1,1,7,41,3,1,6,3462.5592,1,3438.8872,4864.9284,0.0000,3438.8872,2013,jan
25180,1,1,13,39,1,1,4,657.3430,2,659.1298,0.0000,0.0000,659.1298,2019,jan
0,1,1,12,44,5,2,4,2733.4448,1,2751.5172,3950.5320,0.0000,2751.5172,2016,jan
35620,1,2,7,-1,-1,2,-1,0.0000,4,1959.8009,0.0000,0.0000,1959.8009,2012,jan
40140,1,1,7,32,5,1,1,3468.4480,2,3515.1901,0.0000,0.0000,3422.9989,2019,jan
0,1,1,13,43,1,2,1,574.6867,4,569.6840,0.0000,0.0000,569.6840,2020,jan
19820,1,1,16,46,1,1,1,3485.3674,2,3468.2194,5231.0075,0.0000,3619.9191,2020,jan
49340,1,1,14,43,2,2,1,2296.8570,2,2356.9859,3384.0779,0.0000,2356.9859,2016,jan
10740,1,1,14,39,1,1,1,756.2620,3,832.7277,1077.9001,3034.3848,757.3390,2018,jan
0,1,1,14,40,7,1,6,3203.1227,7,3118.8476,0.0000,0.0000,3118.8476,2011,jan
20100,5,1,7,39,2,2,3,607.5784,2,648.2740,939.3762,0.0000,648.2740,2019,jan
41620,1,2,12,40,1,1,1,1215.4599,4,1179.7832,1775.0519,0.0000,1257.7121,2012,jan
23420,1,2,1,36,1,2,4,3281.7219,1,3352.5717,4795.2201,0.0000,3352.5717,2018,jan
0,1,2,8,39,1,1,6,709.4610,2,719.0488,0.0000,0.0000,719.0488,2012,jan
13820,1,2,4,40,5,2,6,1365.3095,2,1397.7395,2018.3331,0.0000,1397.7395,2017,jan
0,1,1,13,46,1,2,4,380.0401,2,378.6761,0.0000,0.0000,378.6761,2010,jan
41180,1,2,8,39,7,1,6,4639.2301,3,4738.9515,0.0000,0.0000,4738.9515,2019,jan
26180,1,2,1,36,7,1,6,0.0000,2,522.7962,0.0000,0.0000,522.7962,2014,jan
47900,1,1,15,44,5,1,1,2298.7411,2,2205.5110,3317.1698,9060.0607,2358.6968,2011,jan
0,1,2,7,43,1,2,6,342.0117,1,332.0314,0.0000,0.0000,332.0314,2014,jan
45300,1,1,12,32,5,2,6,3682.3851,4,3684.7286,5207.9328,14652.7258,3684.7286,2014,jan
42660,1,1,16,35,7,1,6,2782.3405,5,2775.6970,4113.9743,11392.6576,2775.6970,2023,jan
35620,1,1,13,39,7,2,1,3276.4221,3,3244.0833,4585.1322,0.0000,3244.0833,2014,jan
46060,1,1,14,43,5,2,1,3853.0272,2,3810.9559,5503.0126,0.0000,3810.9559,2017,jan
22220,1,1,8,43,1,1,1,1972.5166,3,1343.2859,2707.8326,0.0000,1914.7019,2010,jan
0,1,2,14,-1,-1,1,-1,0.0000,2,306.7726,0.0000,0.0000,306.7726,2011,jan
11700,1,1,8,39,5,2,1,3212.6708,2,3256.1228,4701.8348,0.0000,3256.1228,2017,jan
15380,1,1,14,40,4,1,1,2929.7346,2,2703.2650,4057.5782,12771.5774,2874.9950,2012,jan
16740,1,2,4,37,6,2,3,3146.1020,3,3177.9804,0.0000,0.0000,3177.9804,2015,jan
0,1,1,5,39,5,1,4,1354.4964,1,1323.3347,1912.3007,5476.9103,1323.3347,2020,jan
38300,1,1,11,39,1,1,1,3371.4671,2,3083.1657,4808.9666,0.0000,3407.2991,2014,jan
0,1,2,3,34,6,2,3,976.3234,2,976.6660,1448.6682,4031.5656,976.6660,2023,jan
41740,1,1,14,37,7,2,6,3482.3769,4,3557.9380,5137.6554,0.0000,3557.9380,2017,jan
0,1,2,3,-1,-1,1,-1,0.0000,4,1574.0098,0.0000,0.0000,1574.0098,2012,jan
34060,1,1,16,45,1,2,1,792.5171,3,779.9665,1130.2043,3224.7084,779.9665,2019,jan
39380,1,1,12,37,7,2,1,1671.2513,7,1689.8577,0.0000,0.0000,1689.8577,2010,jan
29340,1,1,14,46,5,1,1,3454.5681,2,4403.6295,4978.3131,0.0000,3527.3813,2012,jan
0,1,2,13,44,1,2,6,1112.5044,2,1118.1740,1613.6548,0.0000,1118.1740,2020,jan
17820,1,1,15,39,1,1,1,3822.2533,4,4168.4969,0.0000,14948.9663,3776.3825,2020,jan
0,1,1,12,44,7,1,6,480.2735,2,483.7435,0.0000,0.0000,483.7435,2019,jan
33860,1,1,13,41,5,1,4,1938.4407,3,1810.2463,0.0000,0.0000,1810.2463,2023,jan
22220,1,1,10,39,1,2,1,1933.2533,2,1875.5414,0.0000,7686.0352,1875.5414,2013,jan
26420,1,-1,14,40,1,2,6,4883.1513,4,4890.1219,7261.4446,0.0000,4890.1219,2024,jan
31080,1,2,10,32,1,2,1,5032.7975,7,4966.6970,7113.1991,0.0000,4966.6970,2015,jan
0,1,1,12,-1,-1,2,-1,0.0000,4,1802.5605,0.0000,0.0000,1802.5605,2022,jan
39340,1,2,11,43,7,2,1,1614.6777,4,1727.0146,2440.9331,0.0000,1727.0146,2014,jan
0,5,1,14,42,1,2,6,2881.0583,1,2833.9548,0.0000,0.0000,2833.9548,2014,jan
33340,1,1,10,43,1,1,2,2179.7952,4,2191.9830,3093.6202,0.0000,2191.9830,2012,jan
0,1,2,7,40,5,2,1,438.2899,2,429.5919,619.9510,0.0000,429.5919,2020,jan
28140,1,2,14,43,1,2,6,1986.0009,7,1980.0642,0.0000,0.0000,1980.0642,2020,jan
14460,1,2,5,39,1,1,6,2851.8082,5,2800.5968,4047.0361,11628.5273,2800.5968,2020,jan
0,1,2,8,-1,-1,2,-1,0.0000,5,1563.1701,0.0000,0.0000,1563.1701,2015,jan
77200,1,1,10,37,1,2,1,879.9144,3,1115.6113,0.0000,0.0000,1115.6113,2015,jan
0,1,1,7,36,6,2,1,2875.7117,2,2854.4593,4098.3328,0.0000,2854.4593,2016,jan
0,1,1,13,40,4,1,6,5282.9922,4,5317.6123,7568.4141,0.0000,5317.6123,2018,jan
0,1,1,16,42,1,2,1,460.2393,5,467.4109,668.5429,1793.0375,467.4109,2018,jan
26420,1,1,9,-1,-1,1,-1,0.0000,4,3835.8134,0.0000,0.0000,3835.8134,2010,jan
22420,1,1,15,43,1,1,4,3525.7428,2,3519.9321,5261.2426,0.0000,3519.9321,2021,jan
43620,1,1,16,40,1,1,1,466.8990,3,507.4983,0.0000,0.0000,476.1714,2014,jan
0,1,1,13,39,1,1,1,1952.0904,5,2292.5488,2760.5736,0.0000,1951.9949,2010,jan
35620,1,3,14,43,4,1,6,3854.9161,4,4030.6402,0.0000,15564.6592,4030.6402,2013,jan
30980,1,-1,9,41,1,2,1,4662.0027,3,4683.2096,6954.1963,0.0000,4683.2096,2024,jan
22900,1,1,12,39,5,2,3,1263.7037,1,1245.3705,1864.1516,5086.2558,1245.3705,2022,jan
35620,1,1,16,43,1,2,1,3855.4279,4,3886.2333,5608.2854,0.0000,3886.2333,2020,jan
0,1,1,13,39,1,1,4,4124.9244,4,4100.9275,5926.0945,0.0000,4100.9275,2020,jan
41940,1,1,11,39,1,2,1,2816.9386,3,2878.1552,0.0000,0.0000,2878.1552,2012,jan
41620,1,-1,15,43,2,2,6,1683.0800,5,1688.4298,2507.1848,0.0000,1688.4298,2024,jan
35620,1,2,14,39,6,1,6,4988.7157,5,4740.5296,0.0000,0.0000,4740.5296,2013,jan
13740,1,1,11,-1,-1,1,-1,0.0000,4,526.1205,0.0000,0.0000,526.1205,2021,jan
31100,1,2,14,43,1,2,1,3908.1275,2,3909.3336,0.0000,0.0000,3909.3336,2013,jan
0,5,2,9,39,1,2,1,3266.2425,2,3281.7642,4735.9664,0.0000,3281.7642,2020,jan
0,1,1,14,44,1,2,1,3062.5538,2,3192.1271,4606.6097,0.0000,3192.1271,2020,jan
14260,1,-1,11,43,1,2,6,983.3828,2,989.1239,1468.7708,3905.9346,989.1239,2024,jan
0,5,1,4,39,6,2,4,670.1950,1,672.0299,0.0000,0.0000,672.0299,2023,jan
24860,1,1,11,38,1,2,1,2750.5899,3,2789.1663,3938.0351,0.0000,2789.1663,2013,jan
16980,1,1,16,35,7,2,6,0.0000,4,3066.5065,0.0000,0.0000,3066.5065,2013,jan
38300,1,2,12,-1,-1,2,-1,0.0000,7,4134.1953,0.0000,0.0000,4134.1953,2017,jan
19740,1,1,14,40,1,2,1,4684.7290,2,4711.7741,7052.8897,18151.9803,4711.7741,2022,jan
23420,1,2,6,-1,-1,2,-1,0.0000,5,5498.7271,0.0000,0.0000,5498.7271,2020,jan
0,1,1,13,-1,-1,2,-1,0.0000,5,488.1890,0.0000,0.0000,488.1890,2010,jan
40420,1,2,9,39,1,1,1,4038.6259,3,3561.6239,0.0000,0.0000,3986.8233,2017,jan
15380,1,1,16,-1,-1,1,-1,0.0000,5,4012.6008,0.0000,0.0000,4012.6008,2016,jan
37980,1,1,11,39,7,2,5,2963.4905,5,2956.0505,4173.6595,11872.9699,2956.0505,2013,jan
35620,1,1,15,-1,-1,1,-1,0.0000,5,2807.6122,0.0000,0.0000,2807.6122,2014,jan
0,1,1,12,43,5,2,1,823.0840,2,835.8774,0.0000,0.0000,835.8774,2022,jan
0,1,2,10,34,1,2,6,3440.8662,1,3490.2761,0.0000,0.0000,3490.2761,2021,jan
37980,1,1,16,35,1,2,6,6041.9185,4,6278.7364,0.0000,0.0000,6278.7364,2022,jan
0,5,1,14,43,5,2,1,1659.1366,2,1641.4944,2368.8668,6690.0451,1641.4944,2020,jan
12060,1,2,12,43,1,1,6,4200.9047,2,4165.2989,6039.2461,0.0000,4165.2989,2019,jan
37980,1,1,15,42,1,2,1,448.4001,2,451.3870,0.0000,0.0000,451.3870,2012,jan
0,1,1,13,-1,-1,2,-1,0.0000,3,692.2565,0.0000,0.0000,692.2565,2013,jan
12580,1,1,15,-1,-1,2,-1,0.0000,4,1906.4320,0.0000,0.0000,1906.4320,2014,jan
36540,1,1,13,-1,-1,2,-1,0.0000,4,1269.9978,0.0000,0.0000,1269.9978,2010,jan
41700,1,2,11,-1,-1,1,-1,0.0000,5,3295.8326,0.0000,0.0000,3295.8326,2011,jan
72850,1,1,15,40,7,2,6,1392.5575,3,1410.6186,1993.7444,5345.0381,1410.6186,2014,jan
0,1,-1,6,36,7,2,6,505.7966,12,491.8199,730.3137,0.0000,491.8199,2024,jan
40140,1,2,13,40,1,2,4,3945.9188,2,3944.8800,0.0000,0.0000,3944.8800,2021,jan
0,1,1,14,-1,-1,2,-1,0.0000,6,671.8745,0.0000,0.0000,671.8745,2022,jan
74500,1,1,15,40,1,1,1,2614.5383,2,2733.2426,3744.7923,0.0000,2653.3707,2012,jan
45780,1,1,11,39,1,1,1,3323.1546,2,3206.8698,4808.3775,0.0000,3353.4825,2016,jan
14460,1,1,16,43,1,2,1,3275.4503,4,3279.7903,4909.4033,13382.4845,3279.7903,2022,jan
0,1,1,14,-1,-1,2,-1,0.0000,4,500.1625,0.0000,0.0000,500.1625,2016,jan
10740,1,1,15,39,1,1,6,1695.5550,2,1755.1225,2482.9384,0.0000,1755.1225,2013,jan
15540,1,2,13,39,7,2,6,364.5082,6,346.5990,0.0000,0.0000,346.5990,2016,jan
16980,1,1,12,39,1,1,1,2837.6578,2,3093.8573,4129.6540,0.0000,2880.1238,2016,jan
14460,1,1,12,39,1,2,4,2289.6103,1,2333.3405,3337.4025,0.0000,2333.3405,2018,jan
29820,1,2,3,39,1,1,6,2719.9025,2,2809.2373,4203.7708,10587.0165,2809.2373,2022,jan
22660,1,1,13,34,1,1,6,2686.7763,3,2553.5023,3603.9417,0.0000,2553.5023,2014,jan
0,1,-1,14,43,7,2,6,2474.7021,3,2523.1580,0.0000,0.0000,2523.1580,2024,jan
19100,1,1,7,33,1,2,2,4525.0883,4,4570.8108,6596.2102,0.0000,4570.8108,2020,jan
0,1,1,14,43,1,1,1,643.4512,3,729.9131,917.4882,0.0000,650.0683,2014,jan
0,5,2,3,-1,-1,1,-1,0.0000,3,1492.2027,0.0000,0.0000,1492.2027,2012,jan
35620,1,1,7,34,7,2,1,3793.1917,2,3724.8175,5267.0447,14771.7543,3724.8175,2010,jan
33100,1,2,9,39,1,1,1,3340.9037,2,3795.0080,4858.1659,0.0000,3364.5509,2017,jan
0,1,1,13,-1,-1,1,-1,0.0000,4,1028.6822,0.0000,0.0000,1028.6822,2023,jan
26180,1,2,15,40,-1,1,1,0.0000,3,604.7057,0.0000,0.0000,0.0000,2010,jan
0,1,1,11,36,7,1,6,2999.4018,5,2916.4722,4174.0725,0.0000,2916.4722,2015,jan
35620,1,-1,16,43,1,1,1,8995.1523,3,3530.8748,13365.3361,0.0000,9017.5692,2024,jan
0,1,1,8,40,1,2,6,924.1788,4,923.6300,1338.3786,3616.9170,923.6300,2019,jan
39100,1,1,15,43,1,1,6,3492.5461,2,3478.3636,0.0000,0.0000,3478.3636,2012,jan
35620,1,1,13,40,1,1,1,6235.7768,4,4189.0924,0.0000,0.0000,6420.1534,2014,jan
72400,1,1,8,-1,-1,1,-1,0.0000,4,320.7382,0.0000,0.0000,320.7382,2014,jan
12060,1,1,13,40,3,1,6,4952.9025,4,5169.2540,0.0000,0.0000,5169.2540,2021,jan
0,1,1,15,-1,-1,1,-1,0.0000,3,2272.5675,0.0000,0.0000,2272.5675,2019,jan
42220,5,1,10,35,7,2,1,3697.4298,5,3470.7326,0.0000,0.0000,3470.7326,2022,jan
14260,1,1,13,43,1,1,1,1120.0480,2,1078.1190,0.0000,0.0000,1147.1607,2014,jan
0,1,1,13,40,1,2,6,1736.8170,5,1727.7206,2480.6008,0.0000,1727.7206,2016,jan
35840,1,1,13,39,1,2,5,4150.3542,7,4217.3027,6032.0545,0.0000,4217.3027,2018,jan
32780,1,1,13,-1,-1,2,-1,0.0000,5,2746.0886,0.0000,0.0000,2746.0886,2017,jan
42660,1,2,8,36,1,1,1,3430.1574,2,4273.4520,4931.7229,0.0000,3401.4345,2019,jan
0,1,-1,12,35,1,2,6,1160.9335,4,1122.3109,1666.5430,4884.6751,1122.3109,2024,jan
26620,1,1,14,39,1,2,1,1698.9374,2,1666.0624,2405.7908,0.0000,1666.0624,2017,jan
0,1,1,14,39,1,2,6,1627.3678,8,1626.1991,2299.5122,8044.1460,1626.1991,2010,jan
76750,1,2,10,43,1,1,6,617.7270,1,611.9002,863.6189,2445.3983,611.9002,2014,jan
33100,1,1,16,-1,-1,2,-1,0.0000,4,5479.2834,0.0000,0.0000,5479.2834,2023,jan
0,1,1,15,44,1,2,1,343.4244,2,338.8141,502.5558,0.0000,338.8141,2023,jan
40900,1,2,9,43,1,1,1,3146.9022,6,3402.8075,4509.8062,0.0000,3168.6164,2018,jan
0,1,2,12,39,1,1,2,504.4207,1,508.9007,719.9321,2111.1241,508.9007,2013,jan
0,1,1,8,39,5,2,1,3625.3899,2,3619.2771,5417.5692,14591.7591,3619.2771,2022,jan
41860,1,1,16,40,1,2,1,2809.4542,3,2813.7598,3968.7660,11444.9325,2813.7598,2012,jan
47900,1,2,14,41,1,2,1,1655.8769,6,1689.6280,2389.2033,6554.0835,1689.6280,2010,jan
41860,1,2,4,-1,-1,1,-1,0.0000,3,4159.6218,0.0000,0.0000,4159.6218,2017,jan
40060,1,1,8,39,1,2,1,2245.5341,3,2243.4763,3167.5731,8979.6303,2243.4763,2013,jan
37980,1,2,14,44,1,2,1,6611.8929,2,6513.9661,0.0000,0.0000,6513.9661,2021,jan
20100,5,1,8,-1,-1,1,-1,0.0000,3,545.9968,0.0000,0.0000,545.9968,2010,jan
31100,1,2,14,39,7,1,6,2762.4622,4,2640.0349,3733.6218,0.0000,2640.0349,2010,jan
0,1,2,8,39,1,1,6,3431.3593,1,3380.4237,4754.0826,0.0000,3380.4237,2011,jan
24660,5,1,7,40,1,2,4,2857.1155,5,2848.0369,4025.3669,0.0000,2848.0369,2014,jan
39340,1,1,16,43,1,1,1,1486.6262,4,1964.8203,2194.7270,0.0000,1468.3395,2021,jan
25540,1,1,16,44,1,1,6,2712.4826,4,2684.6721,0.0000,0.0000,2684.6721,2016,jan
27260,1,2,5,39,5,2,3,4199.4611,1,4159.5365,6228.0241,0.0000,4159.5365,2021,jan
0,1,1,16,43,5,1,3,357.0220,1,351.2114,507.1236,0.0000,351.2114,2017,jan
37100,1,1,16,43,1,2,1,3670.9752,4,3641.4211,5254.9930,0.0000,3641.4211,2020,jan
12260,1,1,11,39,1,2,6,5058.6712,4,5008.1891,7227.3978,18056.0316,5008.1891,2020,jan
12580,1,1,1,39,7,2,1,1774.8665,2,1829.8651,0.0000,0.0000,1829.8651,2013,jan
42660,1,2,14,-1,-1,1,-1,0.0000,4,2343.0532,0.0000,0.0000,2343.0532,2012,jan
0,1,2,2,-1,-1,2,-1,0.0000,3,2512.3219,0.0000,0.0000,2512.3219,2010,jan
0,1,1,14,39,1,1,1,2628.4667,2,3185.8018,0.0000,0.0000,2679.2776,2021,jan
37980,1,1,10,-1,-1,1,-1,0.0000,3,3707.3992,0.0000,0.0000,3707.3992,2023,jan
19100,1,1,15,36,5,2,6,4322.8831,7,4239.0436,6121.1705,17358.1654,4239.0436,2017,jan
15380,1,2,1,43,4,1,2,3260.2956,1,3644.4361,5262.2997,11506.9101,3644.4361,2017,jan
0,1,1,12,-1,-1,1,-1,0.0000,4,1568.3494,0.0000,0.0000,1568.3494,2023,jan
29540,1,1,11,-1,-1,2,-1,0.0000,9,1666.8649,0.0000,0.0000,1666.8649,2017,jan
0,1,3,1,39,6,2,6,337.3112,2,322.9707,466.3690,1339.5824,322.9707,2017,jan
35620,1,2,5,39,7,1,6,3865.6683,4,3875.7363,5470.1057,0.0000,3875.7363,2014,jan
35620,1,2,6,39,7,1,6,3917.4246,2,3840.0805,5465.4829,0.0000,3840.0805,2018,jan
22020,1,1,16,41,1,2,1,342.4240,2,344.4278,494.5174,0.0000,344.4278,2016,jan
14460,1,1,16,35,7,2,6,0.0000,4,2456.7116,0.0000,0.0000,2456.7116,2022,jan
42540,1,2,15,43,4,2,1,5509.6245,4,5764.9353,8551.0074,18338.1350,5764.9353,2023,jan
72400,1,1,13,39,5,2,1,274.9279,2,273.2948,391.4071,0.0000,273.2948,2015,jan
35620,1,2,12,40,1,1,6,3367.2178,4,3383.9230,4886.1379,13663.2302,3383.9230,2017,jan
39300,1,2,2,36,6,2,3,1025.5784,2,1038.3076,1490.7658,0.0000,1038.3076,2016,jan
19100,1,2,14,40,1,1,1,3631.5424,2,3297.5576,5225.8405,14599.5268,3644.6317,2016,jan
0,1,-1,14,44,1,1,4,770.1425,3,774.4343,1147.8231,3048.0945,774.4343,2024,jan
16980,1,2,11,40,1,1,6,2917.0363,2,2867.0162,4055.9134,0.0000,2867.0162,2013,jan
12580,1,2,7,40,1,2,2,2262.3149,3,2283.7473,3221.1913,9198.8325,2283.7473,2012,jan
0,1,2,1,36,7,2,6,298.3873,5,300.4607,422.5772,0.0000,300.4607,2011,jan
19100,1,2,10,42,1,1,1,3955.6953,2,3757.5379,5528.9152,15742.4609,3863.1163,2015,jan
42260,1,1,9,34,7,1,6,0.0000,4,3554.9010,0.0000,0.0000,3554.9010,2012,jan
12060,1,1,14,-1,-1,2,-1,0.0000,4,7037.6934,0.0000,0.0000,7037.6934,2020,jan
0,5,1,2,39,6,1,6,364.2748,1,351.2504,502.7117,0.0000,351.2504,2015,jan
40140,1,2,9,37,7,1,6,6378.2936,3,6101.6875,0.0000,25358.6985,6101.6875,2021,jan
35380,1,1,2,35,5,1,6,2412.3965,1,2434.9318,3643.6562,9614.3506,2434.9318,2022,jan
12260,1,1,13,-1,-1,2,-1,0.0000,4,2218.3669,0.0000,0.0000,2218.3669,2013,jan
28140,1,-1,16,41,1,1,6,4186.7607,3,4177.9197,0.0000,0.0000,4177.9197,2024,jan
42260,1,2,11,-1,-1,1,-1,0.0000,5,4209.7226,0.0000,0.0000,4209.7226,2013,jan
0,1,2,9,39,7,2,4,775.6024,4,824.7321,1179.6235,0.0000,824.7321,2018,jan
75700,1,1,16,-1,-1,1,-1,0.0000,5,830.2814,0.0000,0.0000,830.2814,2012,jan
0,1,1,13,39,1,1,6,3649.4395,4,3656.3039,5471.3297,0.0000,3656.3039,2022,jan
45300,1,1,14,-1,-1,1,-1,0.0000,5,3181.1898,0.0000,0.0000,3181.1898,2013,jan
31540,1,1,16,44,1,2,1,2215.5400,4,2244.4379,0.0000,0.0000,2244.4379,2014,jan
35620,1,1,7,43,1,1,6,4045.7970,4,4045.4812,0.0000,0.0000,4045.4812,2010,jan
19820,1,1,15,39,1,2,1,2843.0482,2,2855.8195,4100.2858,11149.5336,2855.8195,2016,jan
14460,1,1,16,39,1,2,1,2854.7145,4,2889.0295,4325.7092,0.0000,2889.0295,2021,jan
0,1,2,11,41,1,2,1,3114.2043,4,3120.0647,0.0000,0.0000,3120.0647,2014,jan
0,1,1,10,39,5,2,1,2962.9129,2,2955.7619,4283.0231,0.0000,2955.7619,2019,jan
0,1,2,11,43,1,1,4,309.6180,3,309.1466,446.7359,0.0000,309.1466,2020,jan
16740,1,2,10,40,5,2,3,2898.9106,1,2877.8351,4121.5749,0.0000,2877.8351,2015,jan
0,1,1,14,43,1,2,1,880.6064,4,890.9808,1257.9794,0.0000,890.9808,2013,jan
72400,5,1,13,39,1,2,6,392.9249,4,397.7250,560.9852,0.0000,397.7250,2012,jan
0,1,2,5,-1,-1,2,-1,0.0000,2,1371.1886,0.0000,0.0000,1371.1886,2017,jan
29820,1,1,15,43,1,1,1,1134.5983,4,1099.1596,0.0000,0.0000,1135.0341,2011,jan
41180,1,1,13,43,1,2,1,2425.0153,4,2449.0922,3457.8831,9676.6865,2449.0922,2013,jan
41620,1,1,15,-1,-1,1,-1,0.0000,8,1429.4436,0.0000,0.0000,1429.4436,2016,jan
47900,1,1,7,37,7,2,1,2440.4429,2,2425.7035,3474.0417,9741.2864,2425.7035,2015,jan
0,1,1,11,39,5,1,4,2074.9540,1,2021.4271,0.0000,0.0000,2021.4271,2016,jan
0,1,2,16,44,2,2,1,408.5502,2,408.1121,576.2151,0.0000,408.1121,2013,jan
0,1,2,14,40,1,2,1,325.3017,4,325.8277,483.2934,0.0000,325.8277,2023,jan
0,1,1,12,39,5,1,1,4109.5709,2,3314.3844,6158.8733,0.0000,4115.7659,2022,jan
41860,1,1,15,43,4,1,6,3988.9988,7,3988.2610,5961.2538,0.0000,3988.2610,2021,jan
19740,1,1,7,39,5,2,3,1735.7107,1,1768.7867,2494.8471,0.0000,1768.7867,2012,jan
0,1,1,11,39,6,1,1,443.7079,2,451.9098,629.1935,1794.1343,435.4094,2020,jan
0,1,-1,8,-1,-1,2,-1,0.0000,4,964.6339,0.0000,0.0000,964.6339,2024,jan
32820,1,1,16,43,1,1,1,2689.3643,4,2487.9461,0.0000,0.0000,2654.6027,2017,jan
0,1,2,7,39,1,2,6,1390.8705,2,1433.9230,2146.9958,5541.9344,1433.9230,2021,jan
73450,1,1,16,36,7,1,6,1601.0765,3,1660.3456,0.0000,0.0000,1660.3456,2010,jan
16980,1,1,1,40,2,1,1,3505.2416,5,2912.3113,4903.7308,14183.9074,3486.8322,2011,jan
16700,1,1,9,42,4,2,1,1976.9340,3,2091.2689,3002.5707,0.0000,2091.2689,2016,jan
35620,1,1,13,43,5,2,1,3367.2569,2,3346.1865,0.0000,0.0000,3346.1865,2017,jan
17820,1,1,13,36,7,1,6,3841.5770,4,3767.1862,0.0000,0.0000,3767.1862,2016,jan
15980,1,1,15,43,1,2,1,3385.9046,2,3444.5552,4945.5717,0.0000,3444.5552,2016,jan
33100,1,2,4,41,7,2,6,3217.7338,3,3258.0637,4600.0732,0.0000,3258.0637,2013,jan
41740,1,2,8,41,1,1,1,2570.9666,2,2857.6125,3644.0670,10394.1172,2575.8931,2013,jan
24580,1,1,16,43,1,1,1,2980.8619,5,3179.3133,4474.7073,0.0000,2993.7160,2021,jan
12060,1,1,16,-1,-1,1,-1,0.0000,5,2963.6467,0.0000,0.0000,2963.6467,2015,jan
0,1,1,13,40,5,1,1,540.2647,2,526.3674,761.1234,2149.4260,539.2791,2014,jan
41700,1,2,2,39,4,1,1,3926.8852,4,3558.5606,5960.3784,0.0000,4110.9035,2019,jan
47900,1,1,16,44,1,2,1,5338.4552,2,5467.7135,7890.5449,20524.5665,5467.7135,2020,jan
16980,1,1,15,-1,-1,1,-1,0.0000,5,2857.0334,0.0000,0.0000,2857.0334,2020,jan
33660,1,2,3,36,6,2,6,2851.8817,6,2828.8618,0.0000,0.0000,2828.8618,2010,jan
17780,1,1,12,34,1,1,1,3733.8457,4,3590.1636,0.0000,0.0000,3714.0979,2015,jan
45300,1,1,11,40,1,1,4,4129.1214,2,4207.6721,5917.4891,16442.1657,4207.6721,2011,jan
39340,1,1,14,37,1,2,6,1573.6392,6,1584.6433,0.0000,0.0000,1584.6433,2018,jan
0,1,1,12,39,7,1,1,2733.8245,3,3486.1861,3978.6054,0.0000,2661.8087,2021,jan
24860,1,-1,15,41,1,1,6,2446.9347,2,2430.7053,0.0000,0.0000,2430.7053,2024,jan
19820,1,1,11,39,7,2,6,4556.0927,3,4717.3289,0.0000,0.0000,4717.3289,2022,jan
38060,1,2,1,39,7,1,6,3290.3955,2,3241.3335,4647.5730,13638.1499,3241.3335,2016,jan
33100,1,1,16,40,1,1,6,2755.9459,6,3196.5609,4583.3761,9031.8465,3196.5609,2016,jan
26580,5,1,15,39,1,2,1,672.6603,5,672.4610,0.0000,0.0000,672.4610,2018,jan
39300,1,1,15,43,5,1,6,1233.9029,1,1251.8040,1855.3501,0.0000,1251.8040,2023,jan
28140,1,1,16,-1,-1,2,-1,0.0000,5,1820.3228,0.0000,0.0000,1820.3228,2016,jan
0,1,1,11,-1,-1,2,-1,0.0000,5,3273.7786,0.0000,0.0000,3273.7786,2010,jan
71650,1,1,14,39,1,1,6,601.5179,5,598.2888,841.4077,0.0000,598.2888,2011,jan
41700,1,2,11,40,5,2,4,3683.3008,8,3701.5854,0.0000,0.0000,3701.5854,2015,jan
47900,1,1,16,43,7,2,1,3451.5106,6,3539.0803,0.0000,0.0000,3539.0803,2016,jan
29940,1,1,14,43,1,2,1,1812.0145,2,1825.2391,2579.7619,0.0000,1825.2391,2014,jan
0,1,1,14,-1,-1,1,-1,0.0000,4,377.8478,0.0000,0.0000,377.8478,2020,jan
77200,1,2,7,39,7,1,3,447.3002,1,435.5910,0.0000,0.0000,435.5910,2011,jan
36260,1,1,14,-1,-1,2,-1,0.0000,3,1391.8564,0.0000,0.0000,1391.8564,2011,jan
44700,1,2,6,33,1,1,6,3314.9553,5,3319.5393,0.0000,0.0000,3319.5393,2016,jan
27980,1,1,15,42,1,2,4,780.4398,1,782.4954,1119.2118,0.0000,782.4954,2018,jan
0,1,2,4,-1,-1,2,-1,0.0000,6,352.6629,0.0000,0.0000,352.6629,2015,jan
37980,1,1,10,43,1,2,6,453.1529,2,459.2138,0.0000,0.0000,459.2138,2014,jan
47260,1,2,1,-1,-1,2,-1,0.0000,2,5117.2236,0.0000,0.0000,5117.2236,2022,jan
47900,1,1,15,36,7,2,6,1419.0698,5,1422.5011,2000.6497,0.0000,1422.5011,2011,jan
46060,1,1,16,39,1,2,6,3995.1100,4,3924.9434,0.0000,0.0000,3924.9434,2011,jan
47940,1,1,13,39,2,1,1,1072.8747,5,1176.5033,1538.5297,4327.2739,1087.8906,2010,jan
47900,1,2,16,45,1,1,4,3460.4401,2,3519.1359,5085.3696,0.0000,3519.1359,2020,jan
26900,1,1,14,32,1,1,6,2572.7153,4,2557.1341,3596.2434,0.0000,2557.1341,2011,jan
30340,1,1,6,39,6,2,1,1418.3730,2,1484.6221,0.0000,0.0000,1484.6221,2019,jan
33660,1,1,13,41,1,1,1,3245.9022,3,2701.2785,4435.8334,13190.5188,3154.1304,2011,jan
0,1,1,16,43,1,1,3,3296.9432,2,3241.9543,4559.3452,0.0000,3241.9543,2011,jan
16980,1,1,16,44,1,2,6,2670.5656,1,2675.6239,3783.4418,0.0000,2675.6239,2010,jan
39300,1,1,16,43,1,2,1,1038.6662,4,1036.7651,0.0000,0.0000,1036.7651,2020,jan
0,1,1,12,40,5,2,1,4402.9828,2,4294.6344,6370.1410,0.0000,4294.6344,2023,jan
23420,1,2,13,33,1,1,1,3267.1821,9,3444.6394,0.0000,0.0000,3277.2122,2018,jan
0,1,1,9,-1,-1,2,-1,0.0000,5,1311.8594,0.0000,0.0000,1311.8594,2017,jan
33460,1,1,16,35,1,2,6,1416.9664,4,1432.1217,2051.0547,0.0000,1432.1217,2015,jan
20740,1,1,15,-1,-1,1,-1,0.0000,4,2619.4161,0.0000,0.0000,2619.4161,2013,jan
41540,1,1,12,39,1,1,1,820.3505,2,752.9896,1182.0336,0.0000,825.9004,2015,jan
72400,1,1,14,-1,-1,1,-1,0.0000,3,275.4640,0.0000,0.0000,275.4640,2015,jan
31080,1,-1,14,40,1,1,6,4118.5990,2,4129.3110,0.0000,0.0000,4129.3110,2024,jan
0,1,1,15,39,1,1,1,3333.2949,4,2725.4846,4640.3848,0.0000,3299.5781,2011,jan
0,1,1,5,40,1,1,3,4181.4546,6,4273.0060,6043.0218,16530.3605,4273.0060,2010,jan
33860,5,1,15,40,1,1,1,1909.9420,2,2130.4874,2838.4976,7467.2905,1899.0417,2021,jan
16980,1,1,15,-1,-1,1,-1,0.0000,3,2964.2071,0.0000,0.0000,2964.2071,2019,jan
39900,1,1,12,43,1,2,1,1299.2416,3,1329.4697,1869.8074,0.0000,1329.4697,2011,jan
0,1,1,10,43,1,1,6,327.4550,3,335.8839,475.1685,0.0000,335.8839,2013,jan
14460,1,1,13,40,2,1,1,808.5336,2,848.2001,0.0000,0.0000,797.3636,2021,jan
0,1,1,12,41,1,1,1,5620.5630,2,5930.6462,0.0000,0.0000,5663.4256,2022,jan
47260,1,1,8,-1,-1,2,-1,0.0000,3,3759.7537,0.0000,0.0000,3759.7537,2014,jan
16980,1,2,6,33,5,2,6,2870.6306,1,2870.2894,4121.0611,11468.6429,2870.2894,2016,jan
47900,1,2,9,43,1,2,6,1763.2230,1,1733.3242,2449.8510,6837.0507,1733.3242,2014,jan
0,1,2,9,33,5,2,4,857.6111,3,878.4065,1256.3944,0.0000,878.4065,2018,jan
0,5,1,1,35,6,2,6,1614.7893,2,1641.1436,0.0000,0.0000,1641.1436,2012,jan
49620,1,1,7,35,5,1,3,4653.7774,1,4607.3214,6557.4762,0.0000,4607.3214,2018,jan
37980,1,1,15,43,5,1,1,3509.2986,2,3037.2064,5000.4227,14025.7963,3463.0717,2017,jan
19780,1,2,3,39,1,1,6,1155.1454,2,1183.5707,0.0000,0.0000,1183.5707,2012,jan
42660,1,1,11,37,1,2,4,2702.8394,5,2723.9730,3842.1231,10901.3107,2723.9730,2012,jan
45780,1,2,2,39,4,1,6,3929.8562,5,3969.4199,0.0000,0.0000,3969.4199,2011,jan
0,1,1,9,40,1,2,4,310.6377,2,316.9023,447.9043,0.0000,316.9023,2014,jan
38860,1,2,14,39,1,1,5,1976.8804,3,1978.1407,2956.7269,0.0000,1978.1407,2021,jan
12060,1,1,16,43,1,2,1,3255.0461,2,3262.7203,0.0000,0.0000,3262.7203,2015,jan
29820,1,1,16,-1,-1,2,-1,0.0000,4,2124.5129,0.0000,0.0000,2124.5129,2023,jan
19740,1,1,8,37,7,2,1,1723.1946,4,1801.2805,2533.3767,6842.7438,1801.2805,2011,jan
43340,1,1,5,43,5,2,3,1365.3104,1,1329.8322,1909.3266,0.0000,1329.8322,2016,jan
40140,1,1,5,33,7,2,1,4921.1524,2,4774.9556,7147.4639,19872.8783,4774.9556,2022,jan
0,1,1,13,34,5,2,1,384.2793,4,368.4997,0.0000,1543.0406,368.4997,2017,jan
14460,1,1,8,43,5,2,3,2130.3152,1,2127.1190,0.0000,0.0000,2127.1190,2016,jan
0,1,1,14,43,1,2,1,1407.7668,4,1425.5144,2012.6895,0.0000,1425.5144,2013,jan
19100,5,1,14,39,1,1,1,4303.0541,3,4226.0901,0.0000,17059.7205,4249.0007,2022,jan
33340,1,2,10,39,1,1,6,3095.7764,1,3006.3533,4243.0828,11817.2688,3006.3533,2014,jan
26180,1,1,15,40,4,1,1,513.9882,8,628.0562,0.0000,0.0000,502.6515,2013,jan
47900,1,2,16,45,1,1,6,416.5476,2,425.0537,636.0546,0.0000,425.0537,2022,jan
47900,1,1,7,39,5,2,3,1811.5508,1,1824.7021,2580.2036,0.0000,1824.7021,2010,jan
42660,1,1,9,40,1,1,6,3139.5636,2,3202.2392,4583.0640,12657.4145,3202.2392,2015,jan
0,1,1,13,42,1,1,1,1175.4665,4,898.5989,1632.1717,0.0000,1138.3173,2016,jan
0,1,1,11,39,5,1,1,478.9646,3,555.4498,689.6270,0.0000,477.6052,2017,jan
26180,1,2,7,-1,-1,2,-1,0.0000,4,1136.0401,0.0000,0.0000,1136.0401,2014,jan
34060,1,-1,14,37,5,1,1,860.6664,2,800.2170,0.0000,0.0000,849.9826,2024,jan
28140,1,1,9,-1,-1,1,-1,0.0000,3,1118.5714,0.0000,0.0000,1118.5714,2010,jan
0,1,1,14,43,1,2,1,480.8257,4,480.4976,689.8816,0.0000,480.4976,2016,jan
37980,1,1,14,43,1,1,1,3226.8861,2,3018.6683,4823.8620,0.0000,3370.4875,2015,jan
49420,5,1,8,-1,-1,2,-1,0.0000,5,2891.8717,0.0000,0.0000,2891.8717,2011,jan
44060,1,2,11,-1,-1,2,-1,0.0000,3,2375.8673,0.0000,0.0000,2375.8673,2010,jan
16740,1,1,15,44,1,1,1,3465.0447,5,3793.1748,5258.3965,13850.8681,3518.0281,2021,jan
32580,1,1,2,-1,-1,2,-1,0.0000,8,3397.7179,0.0000,0.0000,3397.7179,2013,jan
29820,1,1,14,39,1,1,1,1940.3305,6,1975.6400,2723.8276,0.0000,1903.1695,2015,jan
14860,1,1,8,40,6,2,3,2215.1020,1,2107.0192,3013.6928,0.0000,2107.0192,2018,jan
12060,1,1,15,43,1,2,1,3547.8297,2,3512.3119,4966.5530,0.0000,3512.3119,2010,jan
37100,1,2,11,-1,-1,2,-1,0.0000,6,2650.0355,0.0000,0.0000,2650.0355,2012,jan
0,1,1,7,39,3,1,4,2332.8856,3,2313.1589,0.0000,0.0000,2313.1589,2010,jan
73450,1,2,11,41,1,2,1,1278.0058,2,1250.1314,0.0000,0.0000,1250.1314,2010,jan
0,1,1,13,-1,-1,1,-1,0.0000,4,311.8434,0.0000,0.0000,311.8434,2012,jan
43340,1,1,16,40,1,1,1,2007.2324,3,1661.8400,3034.1158,0.0000,2029.9162,2021,jan
16860,1,1,12,40,1,2,1,3563.8868,2,3499.8535,5050.6946,13723.1168,3499.8535,2020,jan
10740,5,1,9,43,7,2,1,1049.6953,3,1038.9823,1541.1007,0.0000,1038.9823,2023,jan
37980,1,2,15,43,7,2,1,824.9263,2,837.5950,1198.0213,0.0000,837.5950,2018,jan
0,1,2,2,40,2,1,6,3761.0387,3,3749.7867,5376.6167,0.0000,3749.7867,2016,jan
16980,1,1,5,41,1,1,6,3785.2911,3,3761.9652,5436.2730,14913.0361,3761.9652,2020,jan
0,1,1,8,39,1,1,4,657.4849,2,650.6098,918.2525,0.0000,650.6098,2014,jan
36740,1,1,12,39,1,1,2,6613.0856,1,6448.2313,9557.1879,26722.4010,6448.2313,2023,jan
31080,1,1,13,39,5,2,1,3081.3639,2,3060.3381,4393.9264,0.0000,3060.3381,2016,jan
47900,1,1,16,43,1,2,1,331.2348,2,329.5517,475.5813,0.0000,329.5517,2020,jan
43340,1,1,15,43,5,2,4,1603.1025,2,1628.3275,2437.3864,6452.2951,1628.3275,2022,jan
0,1,2,12,40,1,2,1,372.4832,3,374.4082,537.5622,1483.2784,374.4082,2016,jan
0,1,2,9,-1,-1,1,-1,0.0000,3,2477.6646,0.0000,0.0000,2477.6646,2012,jan
12940,6,2,6,39,1,1,6,1912.6320,4,2020.7114,2929.8194,8519.0753,2020.7114,2019,jan
17420,1,1,13,39,1,1,1,2938.3027,5,2275.6292,4264.1455,0.0000,2941.0030,2019,jan
22020,1,3,8,39,1,1,6,556.1022,1,556.7326,782.9648,0.0000,556.7326,2011,jan
47900,1,1,12,39,5,1,1,3618.6537,2,3454.3395,5271.8619,0.0000,3683.5102,2015,jan
38060,1,1,8,40,5,2,3,3266.0679,2,3164.7965,4567.1684,0.0000,3164.7965,2020,jan
0,1,1,13,43,5,2,2,3978.5189,1,4033.3844,6037.4319,0.0000,4033.3844,2022,jan
33100,1,1,16,42,5,1,1,4902.6928,2,4004.8284,6717.4091,0.0000,4633.0314,2019,jan
16980,1,1,6,39,7,2,1,2841.5584,5,2791.8862,0.0000,0.0000,2791.8862,2010,jan
0,1,1,11,39,1,1,1,1130.6945,5,1267.3493,1566.9374,0.0000,1107.6260,2013,jan
12060,1,1,13,-1,-1,1,-1,0.0000,3,4899.7203,0.0000,0.0000,4899.7203,2014,jan
33660,1,-1,16,-1,-1,1,-1,0.0000,6,2046.6975,0.0000,0.0000,2046.6975,2024,jan
0,1,2,10,40,1,1,6,651.6282,1,646.8490,958.7214,2611.8920,646.8490,2023,jan
38060,1,1,12,43,7,2,4,3658.6157,4,3471.1972,5009.3403,14783.5625,3471.1972,2020,jan
42660,1,2,6,38,6,1,6,2513.3174,4,2566.6156,3630.9423,0.0000,2566.6156,2013,jan
29820,1,2,6,39,6,2,3,1336.7469,1,1340.3984,0.0000,0.0000,1340.3984,2017,jan
46520,1,1,14,43,1,1,1,830.4622,4,747.8064,1227.2087,3240.1379,821.0401,2021,jan
41620,1,2,4,-1,-1,1,-1,0.0000,4,1730.4390,0.0000,0.0000,1730.4390,2021,jan
32820,1,2,12,-1,-1,2,-1,0.0000,6,2931.1447,0.0000,0.0000,2931.1447,2022,jan
28140,1,-1,16,46,1,2,1,2077.7418,2,2041.4235,3031.3526,0.0000,2041.4235,2024,jan
28940,1,2,11,40,1,1,6,2567.0621,4,2589.3500,3741.7713,0.0000,2589.3500,2020,jan
15940,1,1,15,39,1,1,1,3385.3452,2,2970.0150,4833.6920,0.0000,3396.1805,2018,jan
0,1,1,16,35,1,1,1,3046.4677,2,3013.9402,0.0000,0.0000,3040.0649,2013,jan
10420,6,1,10,39,5,1,6,4320.9003,2,4465.3827,6682.0434,16637.4191,4465.3827,2022,jan
35620,1,2,7,43,6,2,4,2392.3202,1,2503.0314,3520.3410,9142.3280,2503.0314,2011,jan
33100,1,1,16,43,1,1,1,6997.6829,4,4765.1163,10100.2983,0.0000,6966.2274,2019,jan
29820,1,2,13,34,7,2,1,2326.5246,4,2345.3730,3384.6453,0.0000,2345.3730,2020,jan
12420,1,2,10,40,1,2,6,5655.5171,2,5717.3856,0.0000,0.0000,5717.3856,2019,jan
15180,1,1,7,-1,-1,1,-1,0.0000,4,4893.7357,0.0000,0.0000,4893.7357,2013,jan
33460,1,1,15,-1,-1,2,-1,0.0000,4,4395.4397,0.0000,0.0000,4395.4397,2017,jan
24340,1,1,7,34,7,1,6,0.0000,3,3692.6265,0.0000,0.0000,3692.6265,2021,jan
0,5,1,3,-1,-1,1,-1,0.0000,6,3980.1630,0.0000,0.0000,3980.1630,2021,jan
0,1,1,12,40,1,2,2,1780.1303,4,1755.0186,2519.7943,0.0000,1755.0186,2016,jan
39300,1,1,16,35,5,1,1,2226.2841,5,2695.8912,3321.2515,0.0000,2290.6842,2019,jan
0,1,1,15,-1,-1,1,-1,0.0000,5,1303.9746,0.0000,0.0000,1303.9746,2013,jan
71650,1,1,16,39,1,1,6,474.8901,6,457.9315,647.8270,0.0000,457.9315,2013,jan
39300,1,1,16,-1,-1,2,-1,0.0000,4,1293.2705,0.0000,0.0000,1293.2705,2017,jan
0,1,1,15,-1,-1,1,-1,0.0000,5,1921.4480,0.0000,0.0000,1921.4480,2022,jan
26420,1,1,15,-1,-1,1,-1,0.0000,4,3267.2620,0.0000,0.0000,3267.2620,2010,jan
35620,1,1,14,42,1,2,4,4057.8456,4,3955.3314,0.0000,15734.6494,3955.3314,2014,jan
31140,1,-1,13,43,5,1,1,2866.4172,2,2968.9269,4197.8360,11655.6434,2832.2727,2024,jan
41860,1,2,9,-1,-1,1,-1,0.0000,6,2364.4336,0.0000,0.0000,2364.4336,2012,jan
0,1,1,7,39,7,2,1,2633.8913,3,2718.3735,0.0000,0.0000,2718.3735,2010,jan
40900,1,1,15,46,1,2,6,3019.6052,2,3018.4944,0.0000,0.0000,3018.4944,2017,jan
10420,1,2,1,37,1,1,5,3617.7771,2,3631.9879,5138.1042,0.0000,3631.9879,2013,jan
28140,1,1,14,-1,-1,2,-1,0.0000,4,2747.1804,0.0000,0.0000,2747.1804,2011,jan
19100,1,1,15,43,1,2,1,3183.1202,4,3269.7105,4737.9479,12330.6213,3269.7105,2019,jan
19100,1,2,3,39,1,2,4,3764.7011,3,3772.5300,5466.5544,0.0000,3772.5300,2019,jan
39340,1,2,9,43,1,2,6,1937.3063,2,1952.5008,2922.6301,0.0000,1952.5008,2022,jan
38220,5,1,6,39,5,2,4,1206.4395,3,1215.4240,1745.0633,0.0000,1215.4240,2016,jan
40980,1,1,11,39,1,1,6,3692.6167,3,3687.9835,5512.4289,14477.8934,3687.9835,2021,jan
38060,1,2,5,38,1,2,4,3781.4450,1,3822.5448,5474.5684,0.0000,3822.5448,2015,jan
10740,1,1,15,43,1,2,4,885.6442,3,879.0951,1273.8458,3509.7017,879.0951,2019,jan
36420,1,1,14,39,5,1,1,2330.1953,2,1989.2728,3280.6835,0.0000,2319.7633,2010,jan
0,1,2,9,40,1,1,6,385.6969,1,381.0843,0.0000,0.0000,381.0843,2013,jan
47900,1,2,12,44,1,1,6,414.0161,2,417.9605,0.0000,0.0000,417.9605,2011,jan
19740,1,1,16,-1,-1,1,-1,0.0000,4,2934.4438,0.0000,0.0000,2934.4438,2020,jan
39740,1,1,15,39,5,2,4,3109.8273,6,3082.6679,4414.9323,0.0000,3082.6679,2015,jan
31100,1,1,14,43,1,2,1,3428.2180,4,3440.0717,0.0000,0.0000,3440.0717,2014,jan
44140,1,1,16,46,1,2,1,3153.2836,3,3185.4100,4724.8517,12659.1188,3185.4100,2023,jan
13820,1,1,7,41,7,2,5,2326.8884,2,2320.1343,0.0000,0.0000,2320.1343,2023,jan
0,1,2,14,41,1,2,4,2826.2645,3,2892.4657,4290.3337,0.0000,2892.4657,2023,jan
37980,1,2,13,42,1,1,1,4119.3058,2,3944.6426,6102.9860,0.0000,4078.4183,2022,jan
0,1,2,7,-1,-1,1,-1,0.0000,3,410.6693,0.0000,0.0000,410.6693,2012,jan
17460,1,1,11,39,1,1,4,4131.4656,3,4069.2456,0.0000,0.0000,4069.2456,2021,jan
71650,1,1,14,40,1,2,1,2643.4849,4,2659.7429,3751.5275,10723.4738,2659.7429,2012,jan
41620,1,1,14,40,1,1,6,2327.6627,4,2375.8003,3444.6609,0.0000,2375.8003,2019,jan
19380,1,1,13,43,1,1,1,3227.1457,4,3363.5754,4701.1682,0.0000,3242.4197,2019,jan
28140,1,1,5,43,5,2,1,2815.7213,2,2846.0357,4022.5384,0.0000,2846.0357,2014,jan
35620,1,1,15,36,7,1,6,0.0000,4,9970.0012,0.0000,0.0000,9970.0012,2023,jan
19100,1,1,13,39,1,2,3,3147.0020,5,3154.9189,0.0000,0.0000,3154.9189,2014,jan
10180,1,1,15,43,1,2,1,3531.2643,3,3594.3879,0.0000,0.0000,3594.3879,2020,jan
35840,1,-1,11,39,1,1,4,5063.6606,2,5027.2620,0.0000,0.0000,5027.2620,2024,jan
31700,1,1,16,-1,-1,1,-1,0.0000,5,982.6662,0.0000,0.0000,982.6662,2020,jan
39580,1,1,15,-1,-1,1,-1,0.0000,4,6473.5054,0.0000,0.0000,6473.5054,2023,jan
29340,1,2,7,43,6,2,6,1764.2761,3,1718.0790,0.0000,0.0000,1718.0790,2021,jan
35620,1,1,14,-1,-1,1,-1,0.0000,3,3035.3467,0.0000,0.0000,3035.3467,2011,jan
43900,1,1,13,-1,-1,2,-1,0.0000,5,1719.4857,0.0000,0.0000,1719.4857,2012,jan
19100,1,1,15,44,1,1,1,3829.3243,2,3545.2640,5695.9968,14940.5225,3810.7960,2021,jan
0,1,1,8,39,1,2,1,274.2501,2,280.4332,395.9448,1242.3865,280.4332,2013,jan
20100,1,1,11,-1,-1,2,-1,0.0000,6,550.1680,0.0000,0.0000,550.1680,2019,jan
33460,1,1,16,36,1,1,6,3500.6951,3,3342.4142,4826.2021,0.0000,3342.4142,2017,jan
19740,1,2,16,36,1,2,6,2959.8281,5,2992.6020,4479.5211,0.0000,2992.6020,2022,jan
38300,1,1,13,39,3,2,1,2972.6705,3,2990.0199,4228.0107,0.0000,2990.0199,2010,jan
0,1,1,14,43,5,1,1,317.1120,2,371.6533,453.5415,1241.2848,320.5963,2013,jan
19820,1,1,12,46,1,2,1,2888.7635,4,3038.7580,4403.2879,0.0000,3038.7580,2019,jan
10900,1,1,8,40,1,2,4,2663.3120,1,2682.2871,3772.4518,0.0000,2682.2871,2011,jan
19740,1,1,12,39,7,2,6,3810.2391,3,3585.6694,5148.1786,0.0000,3585.6694,2016,jan
17820,1,1,14,-1,-1,2,-1,0.0000,3,2463.5844,0.0000,0.0000,2463.5844,2015,jan
38060,1,1,11,40,1,2,1,4014.7677,2,4037.2622,5678.1307,15412.5728,4037.2622,2011,jan
12060,5,2,8,39,1,1,2,3314.7224,4,3325.6581,4733.3193,13299.8131,3325.6581,2018,jan
39300,1,-1,16,42,1,1,6,1171.4819,4,1146.0401,1698.5964,4824.4295,1146.0401,2024,jan
0,1,2,11,-1,-1,2,-1,0.0000,3,4028.0605,0.0000,0.0000,4028.0605,2013,jan
41180,1,-1,4,41,1,2,6,4827.0918,6,4899.7150,7275.6897,0.0000,4899.7150,2024,jan
12540,1,1,15,42,1,2,1,3283.7682,5,3305.8788,4949.8526,12785.8341,3305.8788,2021,jan
41180,1,1,16,40,1,1,1,4866.0129,4,3695.9883,7227.6659,0.0000,4876.5036,2023,jan
16980,1,1,14,-1,-1,1,-1,0.0000,6,3966.5517,0.0000,0.0000,3966.5517,2018,jan
35300,1,2,2,37,1,1,4,2452.0069,2,2408.6894,3600.2680,9586.5990,2408.6894,2021,jan
28140,1,1,12,37,1,1,1,2005.6247,2,1378.7389,0.0000,0.0000,1944.8069,2010,jan
39580,1,2,16,44,1,1,2,3376.4132,1,3394.2063,5030.6924,13469.4035,3394.2063,2023,jan
12580,1,1,16,37,1,1,6,1390.0056,5,1511.3714,2138.1085,0.0000,1511.3714,2013,jan
23420,1,1,15,-1,-1,1,-1,0.0000,13,2817.9190,0.0000,0.0000,2817.9190,2014,jan
26980,1,1,15,43,1,2,1,2180.7381,2,2205.2759,0.0000,0.0000,2205.2759,2015,jan
0,1,2,1,39,1,1,1,2222.6122,3,2061.2959,0.0000,0.0000,2171.9452,2012,jan
12580,1,1,15,39,1,2,1,1815.1019,2,1834.9761,2594.7314,0.0000,1834.9761,2010,jan
41700,1,1,7,43,1,2,6,3631.0223,1,3645.5518,0.0000,0.0000,3645.5518,2011,jan
28140,1,2,11,40,1,1,4,1521.8758,1,1561.4145,0.0000,0.0000,1561.4145,2015,jan
0,1,2,8,40,1,1,6,1675.1928,1,1737.2900,0.0000,0.0000,1737.2900,2022,jan
41180,1,1,9,38,6,1,4,2512.3680,1,2532.5791,0.0000,0.0000,2532.5791,2010,jan
0,1,1,14,43,1,1,1,950.2597,2,814.0181,1357.0670,0.0000,939.1064,2020,jan
0,1,1,6,34,5,1,3,280.1108,1,276.8994,0.0000,0.0000,276.8994,2011,jan
0,1,1,15,-1,-1,1,-1,0.0000,3,3327.3237,0.0000,0.0000,3327.3237,2010,jan
19820,1,1,10,40,1,2,6,4315.0494,3,4365.7377,0.0000,0.0000,4365.7377,2021,jan
14260,1,1,15,44,1,2,1,880.5682,2,888.4405,1330.2512,3537.9250,888.4405,2021,jan
35620,1,1,7,43,5,2,3,3123.2174,1,3137.5882,0.0000,0.0000,3137.5882,2012,jan
35380,1,2,2,35,1,1,6,1747.6975,1,1764.4479,2511.2911,6876.0518,1764.4479,2018,jan
19820,1,1,9,-1,-1,1,-1,0.0000,7,2372.2368,0.0000,0.0000,2372.2368,2010,jan
46140,1,-1,13,39,5,2,1,2007.0801,5,2047.6950,3040.6652,0.0000,2047.6950,2024,jan
17140,1,1,16,-1,-1,2,-1,0.0000,8,2925.1679,0.0000,0.0000,2925.1679,2011,jan
16740,1,1,12,40,1,1,6,2800.4902,3,2758.3351,3999.2963,0.0000,2758.3351,2019,jan
41740,1,2,13,40,1,2,1,4908.7080,3,4977.3083,7452.4640,0.0000,4977.3083,2021,jan
77200,1,1,12,44,1,1,1,415.0242,2,419.5427,574.6258,0.0000,407.1398,2014,jan
0,1,1,13,44,1,2,1,3352.8468,2,3428.8701,4948.2573,0.0000,3428.8701,2020,jan
43620,1,1,13,39,1,1,1,346.1416,2,392.9147,494.0220,0.0000,349.2109,2013,jan
0,1,1,8,38,1,2,4,985.4952,1,990.2962,1421.8326,0.0000,990.2962,2016,jan
16980,1,2,7,34,7,1,6,0.0000,6,2649.9615,0.0000,0.0000,2649.9615,2012,jan
0,1,1,15,38,7,2,1,510.2688,3,491.3361,693.0222,0.0000,491.3361,2012,jan
38860,1,1,16,44,5,2,3,1659.1989,1,1695.0910,2537.3223,0.0000,1695.0910,2022,jan
35620,1,2,6,39,6,1,6,3643.7972,3,3759.9584,5306.7000,14362.5622,3759.9584,2014,jan
0,1,1,12,43,5,2,1,307.5469,2,318.6753,0.0000,0.0000,318.6753,2015,jan
12580,1,1,15,44,1,1,1,3140.5396,2,3509.1250,4568.5603,12685.9553,3163.9829,2017,jan
21660,1,2,11,42,1,1,6,2196.7711,3,2255.1032,0.0000,0.0000,2255.1032,2020,jan
0,1,1,14,37,1,1,1,336.5133,5,311.8762,493.9329,0.0000,342.0761,2017,jan
17820,1,1,15,37,7,1,6,2014.2509,6,2011.4540,2838.9098,0.0000,2011.4540,2014,jan
31140,1,1,16,-1,-1,1,-1,0.0000,5,4378.7319,0.0000,0.0000,4378.7319,2022,jan
26420,1,1,7,40,5,2,1,3301.9579,2,3279.8998,0.0000,0.0000,3279.8998,2023,jan
36740,1,1,12,43,1,1,6,3811.0331,1,3724.4604,0.0000,0.0000,3724.4604,2015,jan
0,1,1,13,-1,-1,1,-1,0.0000,4,453.9779,0.0000,0.0000,453.9779,2012,jan
0,1,1,14,-1,-1,1,-1,0.0000,5,1343.5564,0.0000,0.0000,1343.5564,2012,jan
0,1,1,8,41,5,1,4,386.1556,1,386.2906,578.0492,1538.9822,386.2906,2022,jan
0,1,1,8,35,1,2,6,1446.2919,4,1437.8109,0.0000,0.0000,1437.8109,2016,jan
0,1,1,8,39,1,1,1,376.9730,2,361.0318,545.2436,0.0000,380.9679,2015,jan
71650,1,1,16,40,1,2,1,2990.8777,5,3019.0832,0.0000,0.0000,3019.0832,2014,jan
33100,1,1,14,39,1,2,1,4244.6757,4,4256.5076,6371.4172,0.0000,4256.5076,2022,jan
19740,1,1,10,42,1,2,6,2101.5070,3,2050.8584,0.0000,0.0000,2050.8584,2014,jan
0,1,-1,16,39,5,2,1,602.3241,2,584.6192,868.1133,2386.4899,584.6192,2024,jan
20940,1,1,9,41,1,2,1,3941.6914,2,4080.9614,5756.1348,0.0000,4080.9614,2012,jan
46520,1,1,13,40,1,1,1,447.5786,6,464.9104,0.0000,0.0000,445.5236,2016,jan
0,1,1,16,43,1,2,1,3400.0402,5,3380.9057,5060.7593,13353.5387,3380.9057,2022,jan
0,1,1,11,39,7,1,1,750.1051,4,489.9031,0.0000,0.0000,775.0193,2021,jan
42660,1,1,11,40,5,2,3,2960.4922,1,2979.4310,4206.6705,0.0000,2979.4310,2013,jan
14460,1,1,15,43,4,1,6,2447.0101,4,2518.9890,0.0000,0.0000,2518.9890,2016,jan
0,1,-1,11,39,5,2,1,803.5530,2,825.5206,1225.8329,3183.7862,825.5206,2024,jan
0,1,1,13,-1,-1,2,-1,0.0000,4,1772.5430,0.0000,0.0000,1772.5430,2022,jan
37980,1,1,14,-1,-1,1,-1,0.0000,4,4666.7522,0.0000,0.0000,4666.7522,2018,jan
0,1,1,15,-1,-1,1,-1,0.0000,4,344.5750,0.0000,0.0000,344.5750,2013,jan
0,1,2,10,-1,-1,1,-1,0.0000,3,3793.9899,0.0000,0.0000,3793.9899,2019,jan
39300,1,1,15,-1,-1,1,-1,0.0000,3,644.8456,0.0000,0.0000,644.8456,2017,jan
0,1,1,14,-1,-1,2,-1,0.0000,3,453.1750,0.0000,0.0000,453.1750,2018,jan
31080,1,1,16,43,1,1,6,3037.0299,1,3022.6681,4367.9427,12161.9046,3022.6681,2020,jan
0,1,1,9,41,1,2,1,2169.1899,4,2114.1767,0.0000,0.0000,2114.1767,2018,jan
35620,1,1,15,39,1,2,6,2972.5930,5,2961.1788,4176.6983,0.0000,2961.1788,2012,jan
14460,1,1,15,36,7,1,6,811.9373,5,812.2533,1156.0582,3340.6559,812.2533,2018,jan
23420,1,2,2,35,7,1,6,0.0000,8,2359.2917,0.0000,0.0000,2359.2917,2012,jan
0,1,1,9,35,7,2,6,921.6261,3,915.8873,0.0000,0.0000,915.8873,2013,jan
37980,1,1,10,40,7,1,6,3254.9181,5,3243.2693,0.0000,0.0000,3243.2693,2015,jan
0,1,1,15,44,1,2,1,1300.8179,2,1347.5920,1902.6705,0.0000,1347.5920,2013,jan
24020,1,1,15,44,1,1,5,3064.1174,2,3116.9730,0.0000,0.0000,3116.9730,2015,jan
38860,1,-1,13,42,1,2,4,1651.9118,1,1682.3643,0.0000,6587.1124,1682.3643,2024,jan
0,1,1,15,40,4,2,1,282.7466,2,282.9809,399.1403,1172.2733,282.9809,2012,jan
12420,1,2,9,36,1,2,4,3967.8774,1,3976.8551,5954.4975,15711.3424,3976.8551,2021,jan
41860,1,2,15,-1,-1,2,-1,0.0000,3,4404.6538,0.0000,0.0000,4404.6538,2020,jan
0,1,1,13,39,7,2,1,1832.4787,4,1866.1754,2793.4126,0.0000,1866.1754,2022,jan
39300,1,2,9,43,1,1,6,1382.5011,3,1306.9565,0.0000,0.0000,1306.9565,2020,jan
22660,1,1,13,43,1,2,1,2890.8858,4,2994.9561,4283.7187,0.0000,2994.9561,2018,jan
41940,1,2,11,40,7,2,6,6259.4044,2,6181.4223,0.0000,0.0000,6181.4223,2021,jan
0,1,1,15,39,1,1,1,304.6728,3,302.3565,0.0000,0.0000,304.2035,2011,jan
41180,1,2,7,-1,-1,1,-1,0.0000,4,4063.4444,0.0000,0.0000,4063.4444,2022,jan
43780,1,1,13,40,1,2,1,2523.0608,2,2551.0195,3607.2462,10183.3358,2551.0195,2010,jan
0,1,1,6,34,5,1,1,374.0221,2,312.0271,533.0387,0.0000,376.7908,2013,jan
29820,1,-1,13,39,1,1,1,2386.6336,4,2009.0816,3461.9199,0.0000,2335.7514,2024,jan
41740,1,1,16,46,1,2,1,2772.5999,4,2803.0202,3961.7411,11090.7823,2803.0202,2014,jan
49340,1,1,16,43,5,2,1,2665.5574,4,2657.8887,3978.5006,0.0000,2657.8887,2022,jan
18580,1,1,13,39,1,1,6,3840.4305,5,3882.7928,0.0000,0.0000,3882.7928,2010,jan
38060,1,1,16,46,1,2,1,4063.6651,2,3981.6377,5959.9741,0.0000,3981.6377,2022,jan
41100,1,1,12,43,5,1,1,1697.8860,2,1384.3163,2506.5794,0.0000,1675.0619,2022,jan
0,1,2,3,40,1,2,6,2190.5611,1,2202.6101,3150.4174,0.0000,2202.6101,2018,jan
0,1,1,15,-1,-1,2,-1,0.0000,3,282.9020,0.0000,0.0000,282.9020,2011,jan
33100,1,2,9,40,1,2,2,4789.8258,3,4884.2246,7313.0909,19085.0993,4884.2246,2021,jan
45300,1,1,11,-1,-1,1,-1,0.0000,2,2714.3450,0.0000,0.0000,2714.3450,2011,jan
20500,1,1,16,43,1,2,6,4105.0845,2,4127.7376,6178.6660,0.0000,4127.7376,2022,jan
0,1,1,13,-1,-1,1,-1,0.0000,6,704.0742,0.0000,0.0000,704.0742,2015,jan
39580,1,1,16,40,1,1,1,3968.9715,2,4629.5037,5504.8701,0.0000,3900.3680,2014,jan
12060,1,2,7,44,2,2,6,3040.1265,1,3031.3086,4377.2036,0.0000,3031.3086,2017,jan
0,1,2,13,39,7,2,6,405.1016,5,397.7902,562.4917,0.0000,397.7902,2010,jan
28140,1,1,13,39,1,1,1,2616.0222,4,2443.6361,3714.8202,0.0000,2626.7403,2010,jan
40140,1,1,15,35,7,2,6,0.0000,5,1857.5268,0.0000,0.0000,1857.5268,2011,jan
31700,1,-1,15,40,6,1,5,1374.3857,5,1427.9987,0.0000,0.0000,1427.9987,2024,jan
20500,1,1,15,46,5,2,6,2829.4278,1,2808.8574,4022.7866,11293.9610,2808.8574,2015,jan
12620,5,1,10,40,1,2,6,1708.6373,1,1688.8674,2424.8168,0.0000,1688.8674,2016,jan
48620,1,2,5,36,1,2,6,2396.4394,1,2392.8040,3549.1960,0.0000,2392.8040,2023,jan
0,1,1,4,39,5,2,3,3181.1441,1,3198.4016,4787.5754,0.0000,3198.4016,2022,jan
25860,1,1,16,40,7,1,6,5035.6897,6,4976.0918,7375.2696,0.0000,4976.0918,2023,jan
16980,1,1,15,40,7,2,6,2988.9659,7,2943.6144,0.0000,0.0000,2943.6144,2010,jan
0,1,1,7,39,5,1,1,557.8565,2,575.6991,784.8006,0.0000,551.4055,2018,jan
14460,1,1,16,-1,-1,2,-1,0.0000,5,3481.3401,0.0000,0.0000,3481.3401,2020,jan
22220,1,2,6,-1,-1,2,-1,0.0000,5,1140.2837,0.0000,0.0000,1140.2837,2017,jan
47380,5,1,11,40,1,2,1,2616.3570,5,2631.3158,3700.7641,0.0000,2631.3158,2011,jan
16980,1,-1,10,-1,-1,1,-1,0.0000,5,4414.0146,0.0000,0.0000,4414.0146,2024,jan
35620,1,1,9,43,5,2,1,3488.1472,2,3595.5753,0.0000,14065.0641,3595.5753,2020,jan
0,1,1,15,35,7,1,6,400.6876,3,386.8891,560.9486,0.0000,386.8891,2019,jan
38060,1,1,13,39,1,2,1,3485.4175,2,3413.7157,0.0000,0.0000,3413.7157,2010,jan
35620,1,1,13,35,7,2,1,4174.8754,2,4441.0565,0.0000,0.0000,4441.0565,2019,jan
36100,1,1,10,41,6,1,1,3281.8720,2,3345.1177,0.0000,0.0000,3190.5553,2019,jan
30780,1,2,10,39,6,2,6,1586.6663,2,1515.4606,0.0000,0.0000,1515.4606,2021,jan
0,1,1,6,-1,-1,2,-1,0.0000,4,3244.4965,0.0000,0.0000,3244.4965,2012,jan
34580,5,1,14,-1,-1,1,-1,0.0000,4,6018.3100,0.0000,0.0000,6018.3100,2022,jan
38900,1,2,8,40,1,1,1,1933.9983,3,2012.5858,2690.5183,0.0000,1906.3141,2014,jan
33460,1,1,1,39,5,1,6,3525.5999,2,3396.1936,4903.8556,14484.6030,3396.1936,2017,jan
32820,1,2,2,36,6,2,6,5527.4347,2,5529.8429,7777.3425,0.0000,5529.8429,2011,jan
0,1,2,11,43,1,2,2,2749.1243,5,2673.5031,3874.0182,0.0000,2673.5031,2019,jan
41700,1,1,13,-1,-1,2,-1,0.0000,4,3235.5801,0.0000,0.0000,3235.5801,2015,jan
0,1,1,11,43,1,2,6,4639.2551,2,4615.8243,0.0000,0.0000,4615.8243,2019,jan
16980,1,-1,16,42,1,1,1,5300.1544,2,4692.0017,7923.5406,0.0000,5345.9992,2024,jan
19100,1,1,16,-1,-1,1,-1,0.0000,3,2828.4446,0.0000,0.0000,2828.4446,2012,jan
29820,1,1,14,36,7,2,6,907.3948,6,898.6769,0.0000,0.0000,898.6769,2011,jan
19660,1,1,3,39,5,1,4,3275.8717,2,3274.4944,0.0000,0.0000,3274.4944,2016,jan
0,1,1,9,41,6,2,6,1018.5234,4,1048.6203,1479.0632,0.0000,1048.6203,2012,jan
16740,1,1,16,43,1,1,1,2626.9374,5,3585.8913,0.0000,0.0000,2612.6866,2019,jan
42540,1,2,7,43,1,1,1,3262.2872,3,3227.2226,0.0000,0.0000,3281.2148,2016,jan
19740,1,1,13,-1,-1,1,-1,0.0000,6,2284.1262,0.0000,0.0000,2284.1262,2019,jan
37980,1,-1,16,41,1,1,1,5161.6367,2,5566.9286,7569.9314,0.0000,5107.4197,2024,jan
0,5,-1,8,39,5,2,3,1352.2646,1,1336.7792,1985.0115,5357.8561,1336.7792,2024,jan
47900,1,1,16,44,1,1,1,286.9111,3,276.4587,416.2096,0.0000,292.4313,2018,jan
29820,1,2,12,41,1,2,1,1759.7413,3,1733.4751,2479.4084,0.0000,1733.4751,2018,jan
33460,1,1,13,45,5,2,1,3495.9009,2,3385.0128,4887.9518,14037.4893,3385.0128,2017,jan
0,1,1,14,43,1,1,1,1527.2440,2,1873.0694,0.0000,0.0000,1503.3249,2020,jan
30780,1,1,7,39,5,2,1,1743.6277,2,1705.0558,2409.8969,6938.1388,1705.0558,2014,jan
29620,1,1,15,43,1,1,1,3714.0567,4,3391.2836,0.0000,0.0000,3749.5391,2021,jan
25180,7,1,11,36,1,2,6,1141.1813,4,1185.1218,1757.8663,4138.6172,1185.1218,2023,jan
0,1,1,14,41,1,2,1,4409.8051,4,4373.6766,6548.6535,0.0000,4373.6766,2021,jan
37980,1,1,14,40,1,1,1,6495.2331,2,5029.2981,9682.9013,0.0000,6470.7542,2022,jan
37980,1,1,13,43,1,2,6,4410.2603,4,4366.4949,6327.2345,0.0000,4366.4949,2019,jan
26420,1,1,5,39,5,2,3,3520.1021,2,3518.1788,5038.6617,0.0000,3518.1788,2015,jan
48140,1,1,16,45,1,1,1,2736.5736,5,2494.4964,3953.7779,10450.7613,2801.4474,2012,jan
0,1,1,16,44,1,2,1,371.8154,4,371.2986,536.1544,0.0000,371.2986,2017,jan
0,1,1,13,39,1,1,1,3350.8142,4,3529.7530,0.0000,0.0000,3300.0256,2010,jan
42660,1,1,7,43,5,2,3,3477.0124,2,3441.6953,5151.7533,13994.5579,3441.6953,2022,jan
48140,1,1,14,-1,-1,2,-1,0.0000,5,2981.3858,0.0000,0.0000,2981.3858,2023,jan
45060,1,1,14,40,7,2,6,3577.8510,5,3537.7321,5079.3519,0.0000,3537.7321,2016,jan
0,1,1,11,43,5,2,1,1121.6854,2,1077.5872,1556.0338,4504.0314,1077.5872,2017,jan
28140,1,1,15,40,1,1,1,1385.6263,2,1494.7593,2055.3691,5366.9061,1433.4657,2016,jan
0,1,-1,8,33,1,2,6,3739.0511,1,3710.5354,0.0000,0.0000,3710.5354,2024,jan
40900,1,-1,7,44,7,2,1,3780.0835,4,3698.5132,5492.0000,0.0000,3698.5132,2024,jan
0,1,1,13,39,1,1,1,3293.0606,3,3143.2130,4781.3962,13302.0517,3311.3836,2017,jan
11700,1,1,14,40,1,1,1,4122.3753,2,4768.9067,0.0000,0.0000,4108.2778,2022,jan
12060,1,1,11,40,7,2,1,3084.9635,4,3082.5743,4425.8523,0.0000,3082.5743,2016,jan
48620,1,1,14,43,1,2,1,1977.2962,3,1937.5090,0.0000,0.0000,1937.5090,2016,jan
16740,1,1,16,44,1,2,1,3989.9653,4,4003.8869,5938.8814,0.0000,4003.8869,2023,jan
27500,1,1,9,43,5,1,4,3537.9703,2,3334.6601,4942.4365,14060.5379,3334.6601,2023,jan
19740,1,1,14,43,7,2,1,3952.1226,3,3820.6021,5536.2128,15745.8020,3820.6021,2019,jan
39300,1,1,3,38,7,2,6,1310.0244,4,1312.8238,0.0000,0.0000,1312.8238,2016,jan
31460,1,1,16,44,1,2,1,3127.3497,2,3207.0520,4528.0495,12609.7741,3207.0520,2013,jan
41860,1,2,11,-1,-1,1,-1,0.0000,6,2463.6114,0.0000,0.0000,2463.6114,2017,jan
11540,1,1,12,39,5,2,1,3200.4914,2,3292.7331,4754.7001,0.0000,3292.7331,2017,jan
38220,5,1,15,-1,-1,1,-1,0.0000,4,1698.5759,0.0000,0.0000,1698.5759,2018,jan
16740,1,1,14,40,1,1,1,3078.1935,3,2919.5111,4366.1231,0.0000,3104.5624,2011,jan
14260,1,-1,12,-1,-1,1,-1,0.0000,5,731.1471,0.0000,0.0000,731.1471,2024,jan
14260,1,1,15,-1,-1,1,-1,0.0000,6,905.9491,0.0000,0.0000,905.9491,2023,jan
22500,5,1,3,40,4,2,6,3191.1699,4,3473.0456,5012.0077,0.0000,3473.0456,2020,jan
0,5,2,12,37,1,1,6,2977.5894,3,2974.3519,4298.1229,0.0000,2974.3519,2020,jan
0,1,2,12,39,7,2,6,2660.2980,2,2704.7134,4011.8445,0.0000,2704.7134,2023,jan
42540,1,1,14,44,1,1,1,3542.9794,3,3414.2755,5057.2662,14283.8192,3533.5697,2015,jan
33780,1,1,10,43,5,2,3,3864.4942,1,3819.0634,0.0000,0.0000,3819.0634,2021,jan
32780,1,1,15,44,5,2,1,2063.9708,2,2062.2170,0.0000,0.0000,2062.2170,2017,jan
24780,1,-1,11,40,6,2,3,4148.0623,2,4214.6661,0.0000,0.0000,4214.6661,2024,jan
0,1,1,16,-1,-1,2,-1,0.0000,2,267.4253,0.0000,0.0000,267.4253,2011,jan
38060,1,1,13,-1,-1,1,-1,0.0000,2,3360.5532,0.0000,0.0000,3360.5532,2010,jan
0,1,1,6,39,1,1,1,1211.4832,2,1129.6218,1745.8406,0.0000,1209.0920,2017,jan
0,1,1,15,43,1,2,6,3695.4937,4,3687.7813,5325.1488,0.0000,3687.7813,2017,jan
45300,1,2,7,40,1,2,4,3423.4596,1,3539.7011,0.0000,0.0000,3539.7011,2021,jan
44700,1,2,15,40,1,2,6,4622.0899,4,4627.5174,0.0000,0.0000,4627.5174,2022,jan
10180,1,1,8,43,1,2,3,3875.4673,1,3899.2737,5838.3357,0.0000,3899.2737,2021,jan
38860,1,1,15,36,7,1,6,1215.9743,4,1296.2050,1871.6254,4765.4241,1296.2050,2017,jan
12940,1,-1,11,39,5,2,1,1923.1899,2,1963.9886,2916.3679,0.0000,1963.9886,2024,jan
31700,1,1,13,40,5,2,3,863.6607,1,867.2888,0.0000,0.0000,867.2888,2018,jan
40140,1,1,16,39,1,2,1,4199.1614,2,4245.4931,6354.9300,0.0000,4245.4931,2022,jan
27780,1,1,11,43,1,1,6,3161.0991,3,3170.7432,4485.5901,0.0000,3170.7432,2013,jan
14860,1,2,12,36,7,1,6,2400.3861,3,2522.5789,0.0000,0.0000,2522.5789,2019,jan
26420,1,2,11,-1,-1,1,-1,0.0000,3,3509.3108,0.0000,0.0000,3509.3108,2016,jan
19100,1,2,5,42,7,1,4,3346.6053,1,3561.1738,5322.8864,0.0000,3561.1738,2021,jan
72400,1,1,14,-1,-1,1,-1,0.0000,3,361.8460,0.0000,0.0000,361.8460,2012,jan
0,1,2,8,34,1,1,6,1534.8812,4,1525.2859,0.0000,0.0000,1525.2859,2010,jan
35620,1,2,2,33,1,2,1,3322.5057,5,3458.9066,4966.1771,0.0000,3458.9066,2016,jan
34980,1,1,16,37,1,1,6,3771.8867,4,4384.1987,0.0000,0.0000,4384.1987,2022,jan
11340,1,1,11,39,6,2,1,2584.4310,2,2578.1535,0.0000,0.0000,2578.1535,2014,jan
33780,1,1,16,42,1,1,1,4183.1415,2,3251.6254,6393.1760,0.0000,4277.2302,2021,jan
0,1,1,9,44,6,2,6,592.9164,2,589.7721,831.8647,0.0000,589.7721,2012,jan
42660,1,2,7,-1,-1,2,-1,0.0000,4,7426.0214,0.0000,0.0000,7426.0214,2023,jan
71650,1,1,13,36,7,1,6,549.3753,3,544.8330,768.9414,0.0000,544.8330,2012,jan
16980,1,2,13,43,1,1,1,2601.0570,4,2391.9323,3736.9444,0.0000,2611.0458,2015,jan
0,1,1,10,40,7,2,1,1844.6724,3,1914.4004,2738.1880,0.0000,1914.4004,2018,jan
19100,1,2,10,39,1,1,4,2953.1220,2,2996.7033,0.0000,0.0000,2996.7033,2010,jan
16980,1,1,7,43,5,1,1,3831.0111,2,3015.2953,5361.8335,15534.2481,3587.2306,2021,jan
49340,1,1,16,-1,-1,1,-1,0.0000,3,2632.0911,0.0000,0.0000,2632.0911,2020,jan
0,1,1,12,44,5,1,3,3272.5407,2,3227.7043,0.0000,12917.5297,3227.7043,2019,jan
37980,1,-1,16,-1,-1,2,-1,0.0000,6,4487.2548,0.0000,0.0000,4487.2548,2024,jan
0,1,1,13,43,1,1,1,1526.3917,2,1408.4216,0.0000,0.0000,1531.2852,2022,jan
0,1,1,8,-1,-1,1,-1,0.0000,4,1147.2059,0.0000,0.0000,1147.2059,2015,jan
16980,1,1,12,40,1,1,1,4187.3860,5,4277.8633,5977.3586,0.0000,4168.7592,2016,jan
27260,1,1,13,39,1,2,1,3676.4217,2,3688.9507,5323.5837,0.0000,3688.9507,2020,jan
36540,1,2,14,-1,-1,2,-1,0.0000,4,1472.2981,0.0000,0.0000,1472.2981,2023,jan
17140,1,1,16,44,1,1,1,3802.6697,6,3615.2936,5505.1473,0.0000,3796.9282,2019,jan
0,1,1,16,-1,-1,1,-1,0.0000,6,988.5886,0.0000,0.0000,988.5886,2010,jan
18580,1,1,13,37,7,2,4,4242.0478,1,4277.4019,0.0000,0.0000,4277.4019,2021,jan
33700,1,2,15,40,7,1,6,4878.7697,5,5159.2577,7455.4472,0.0000,5159.2577,2020,jan
0,1,1,15,-1,-1,2,-1,0.0000,5,1491.5462,0.0000,0.0000,1491.5462,2014,jan
41860,1,1,16,43,7,2,1,3110.3458,4,3166.7373,4535.3347,0.0000,3166.7373,2015,jan
29180,1,1,9,39,5,1,6,1784.1125,1,1737.6775,2597.3066,7165.6575,1737.6775,2021,jan
28140,1,-1,13,39,1,1,1,2535.0096,9,3420.7978,3624.3688,0.0000,2445.3554,2024,jan
45300,6,1,6,32,5,1,1,3463.3075,2,3139.0801,4888.8485,0.0000,3463.8979,2014,jan
0,5,1,10,40,1,2,4,4587.7864,4,4623.3702,6699.4576,0.0000,4623.3702,2019,jan
31140,1,2,10,39,1,2,3,3211.8659,7,3255.3988,4697.9180,0.0000,3255.3988,2020,jan
37860,1,2,13,43,5,2,1,3082.8468,2,3118.4953,4477.4263,12316.4815,3118.4953,2016,jan
12220,1,1,13,39,7,1,6,1602.2701,5,1642.5858,2381.5769,0.0000,1642.5858,2019,jan
0,1,2,4,39,1,1,5,785.1865,4,781.0513,1132.4423,0.0000,781.0513,2019,jan
33100,1,1,4,39,5,1,1,3691.6118,4,4423.5255,5316.4073,0.0000,3666.7533,2019,jan
12940,1,2,12,41,1,1,1,1456.7652,4,1750.9897,2215.4976,0.0000,1482.2356,2021,jan
36420,1,2,11,43,1,1,4,1762.0005,1,1813.4357,0.0000,0.0000,1813.4357,2020,jan
29820,1,1,6,42,4,2,6,1205.9551,1,1200.2891,0.0000,0.0000,1200.2891,2010,jan
41860,1,1,16,43,1,1,1,3033.4320,2,3443.9233,4263.1865,0.0000,2995.3399,2018,jan
29820,1,1,14,40,5,2,1,1411.1933,2,1447.8798,2167.8930,5659.4498,1447.8798,2021,jan
14260,6,1,10,37,1,1,1,901.6563,2,959.8566,1276.2719,0.0000,904.3018,2012,jan
0,1,1,16,43,1,2,1,1048.6569,2,1051.7663,1574.3521,4064.7557,1051.7663,2022,jan
49020,1,-1,16,40,5,1,1,3723.0793,2,3608.3516,5447.8366,0.0000,3675.6460,2024,jan
14260,1,3,16,-1,-1,1,-1,0.0000,8,648.0848,0.0000,0.0000,648.0848,2017,jan
13820,1,-1,8,39,5,2,3,1800.5886,1,1756.7537,2608.6404,7134.1769,1756.7537,2024,jan
0,1,1,16,42,5,1,1,3305.9202,2,3456.0509,0.0000,0.0000,3258.4848,2023,jan
16980,1,2,12,40,2,1,6,4105.6366,5,4140.1213,6195.3189,0.0000,4140.1213,2022,jan
40140,1,1,15,44,1,1,1,2714.3076,2,2545.1344,3904.8478,10927.5688,2761.1083,2010,jan
46520,1,1,16,41,1,1,1,1323.6848,6,734.2871,0.0000,0.0000,1311.9047,2020,jan
17460,1,1,11,40,1,1,5,3159.8697,3,3216.0565,0.0000,0.0000,3216.0565,2012,jan
47900,1,2,15,43,1,1,1,481.9524,3,420.6464,0.0000,0.0000,501.5212,2014,jan
0,1,1,11,39,6,1,1,2894.8004,2,3006.0606,0.0000,0.0000,2915.7129,2012,jan
36540,1,1,15,44,1,1,1,883.7455,2,966.3836,1270.4476,0.0000,900.1508,2014,jan
37980,1,1,7,43,1,1,1,471.0559,2,455.8323,664.1693,0.0000,469.4835,2013,jan
40380,1,1,8,39,6,1,6,3730.9231,3,3753.9329,5372.6513,0.0000,3753.9329,2015,jan
35620,1,1,16,43,1,1,6,5384.3346,3,5306.2147,7931.1991,21522.8706,5306.2147,2021,jan
17660,1,1,6,43,5,2,3,835.3594,1,846.0398,1211.6804,0.0000,846.0398,2015,jan
15940,1,1,15,-1,-1,2,-1,0.0000,5,3950.0361,0.0000,0.0000,3950.0361,2017,jan
41740,1,2,15,-1,-1,2,-1,0.0000,5,4757.4554,0.0000,0.0000,4757.4554,2023,jan
11700,6,1,16,39,7,2,1,3167.0659,2,3101.4322,4361.9504,0.0000,3101.4322,2011,jan
35620,1,3,7,41,5,2,3,3523.4936,1,3513.5192,5091.2370,0.0000,3513.5192,2019,jan
15540,1,1,9,39,5,1,4,314.4720,1,307.9469,441.5484,0.0000,307.9469,2016,jan
0,1,1,12,39,1,1,1,578.0982,2,526.4198,0.0000,2422.4580,581.0785,2019,jan
38900,1,1,15,42,1,1,1,1817.8198,5,2007.8240,2521.0853,0.0000,1782.6533,2010,jan
0,1,2,4,42,7,1,1,310.0191,2,282.9809,406.9274,1155.2047,288.3282,2012,jan
16980,1,2,7,40,7,2,6,6428.9424,7,6664.9318,9569.2758,0.0000,6664.9318,2016,jan
0,1,1,14,34,7,2,6,0.0000,5,4375.9326,0.0000,0.0000,4375.9326,2020,jan
40140,5,1,15,36,1,2,2,4058.8928,6,4018.4281,5802.6022,15678.9631,4018.4281,2017,jan
0,1,3,11,39,7,2,1,679.0405,8,682.8558,0.0000,0.0000,682.8558,2022,jan
35620,1,2,16,43,1,2,1,2964.0966,2,2936.8549,4152.8333,0.0000,2936.8549,2010,jan
22220,1,1,16,43,1,2,1,1193.0204,2,1189.7994,1701.7831,4633.3594,1189.7994,2018,jan
0,5,1,6,-1,-1,1,-1,0.0000,6,1507.3586,0.0000,0.0000,1507.3586,2016,jan
71650,1,1,8,34,5,2,3,419.6734,3,422.8933,594.7703,0.0000,422.8933,2011,jan
16980,1,1,5,34,5,2,1,3054.6079,2,3095.9484,4354.2379,0.0000,3095.9484,2011,jan
0,1,2,6,40,1,1,6,1677.4293,2,1702.6097,0.0000,0.0000,1702.6097,2020,jan
0,1,1,10,40,2,1,6,1765.3656,4,1803.7647,2550.9418,0.0000,1803.7647,2010,jan
31140,1,1,14,43,4,1,1,3241.9560,4,2268.5659,4702.8321,0.0000,3325.3611,2010,jan
41620,1,-1,14,43,1,2,2,1585.2002,1,1631.2028,2422.2074,0.0000,1631.2028,2024,jan
0,1,1,14,37,7,2,1,3742.2006,4,3809.7504,0.0000,0.0000,3809.7504,2010,jan
25420,1,1,13,39,5,1,1,2666.6044,2,2977.6114,3763.0371,10609.0003,2666.2263,2014,jan
38900,1,2,12,40,1,1,6,3042.8062,2,2979.0715,0.0000,0.0000,2979.0715,2018,jan
12260,1,2,1,-1,-1,2,-1,0.0000,6,2867.5641,0.0000,0.0000,2867.5641,2015,jan
14460,1,1,15,44,5,1,1,724.4137,2,698.2310,0.0000,0.0000,702.7663,2016,jan
26180,1,2,11,-1,-1,1,-1,0.0000,6,745.1493,0.0000,0.0000,745.1493,2015,jan
0,1,1,12,39,5,2,1,2219.1346,3,2173.4075,0.0000,0.0000,2173.4075,2022,jan
16980,1,1,15,35,1,1,1,3943.8126,5,3628.7741,5956.4448,0.0000,4018.8111,2023,jan
0,5,1,2,-1,-1,2,-1,0.0000,2,1300.7614,0.0000,0.0000,1300.7614,2012,jan
35620,1,1,12,-1,-1,1,-1,0.0000,4,2973.2423,0.0000,0.0000,2973.2423,2012,jan
0,1,1,15,42,1,2,1,3165.3703,4,3170.1232,4480.5982,0.0000,3170.1232,2014,jan
29540,5,1,7,39,5,2,3,3169.6094,2,3130.8981,0.0000,0.0000,3130.8981,2017,jan
38060,1,1,14,40,1,2,6,4480.7323,2,4400.8819,6527.7356,0.0000,4400.8819,2023,jan
40060,1,2,8,39,1,1,6,3828.1418,1,3804.1144,5349.9429,15243.6645,3804.1144,2011,jan
10420,1,2,3,39,7,2,3,4038.1029,4,3858.0701,5590.5057,0.0000,3858.0701,2019,jan
33100,1,1,8,39,5,2,3,3396.4678,1,3339.8674,4697.2930,0.0000,3339.8674,2011,jan
26420,1,2,5,43,5,1,6,3347.0346,1,3305.2376,4704.2555,13378.9475,3305.2376,2018,jan
0,1,2,12,40,1,2,6,946.6187,3,963.0371,1359.7160,0.0000,963.0371,2013,jan
41420,1,2,8,39,4,2,6,1656.8507,2,1832.1785,2584.2603,0.0000,1832.1785,2012,jan
12260,1,1,12,37,6,2,3,4194.2340,4,4211.8282,6032.0919,0.0000,4211.8282,2015,jan
41740,1,1,10,40,5,2,3,4029.6116,4,4089.1622,5925.3677,16179.7004,4089.1622,2019,jan
0,1,1,13,40,1,2,1,1169.5307,2,1183.0390,0.0000,0.0000,1183.0390,2011,jan
0,1,-1,9,39,1,1,6,6999.8513,1,7281.0371,10791.5454,0.0000,7281.0371,2024,jan
31100,1,2,10,44,1,2,5,3210.1560,1,3315.1175,4685.5307,13267.8574,3315.1175,2014,jan
37980,1,1,11,40,4,1,1,2887.7524,4,3663.9430,4840.4027,12672.2112,3382.0447,2015,jan
77200,1,1,11,40,1,1,1,467.0770,2,388.8363,0.0000,0.0000,469.7838,2013,jan
0,1,1,11,42,1,2,1,739.3185,3,739.1091,1061.1869,0.0000,739.1091,2016,jan
33460,1,1,14,40,1,2,1,1681.0494,5,1684.8374,2381.3206,6518.4153,1684.8374,2014,jan
14460,1,3,15,44,1,1,6,1397.9739,2,1382.8624,2069.3291,5544.8776,1382.8624,2022,jan
0,1,1,16,39,1,1,6,1557.0140,3,1599.9589,2289.8708,0.0000,1599.9589,2015,jan
0,1,1,5,39,1,2,4,1125.8032,3,1112.5687,1572.4857,4503.3681,1112.5687,2014,jan
43340,1,1,14,41,1,1,1,1606.3794,4,1300.0411,2292.7309,6599.7263,1610.8862,2018,jan
35620,1,2,1,43,7,2,1,3251.8082,5,3287.4604,4623.5862,0.0000,3287.4604,2011,jan
16980,1,1,16,40,7,2,1,3193.5229,3,3171.4297,4482.4448,0.0000,3171.4297,2014,jan
47900,1,1,15,43,1,2,1,2069.1120,3,2099.7948,2961.7291,0.0000,2099.7948,2012,jan
45300,1,2,2,-1,-1,1,-1,0.0000,3,5530.6878,0.0000,0.0000,5530.6878,2014,jan
71650,1,1,10,39,1,1,1,454.6743,2,475.7481,642.8727,0.0000,454.4294,2013,jan
47900,1,1,16,-1,-1,1,-1,0.0000,4,3363.1095,0.0000,0.0000,3363.1095,2023,jan
35620,1,-1,13,43,1,2,2,4268.7008,1,4397.9168,0.0000,0.0000,4397.9168,2024,jan
19100,1,1,15,40,1,2,6,4211.2020,2,4241.8856,6349.5301,16323.2673,4241.8856,2022,jan
77200,1,1,12,39,1,1,4,443.7407,3,450.1161,0.0000,0.0000,450.1161,2010,jan
0,5,1,8,39,1,2,4,2334.4713,4,2385.7632,3373.5670,0.0000,2385.7632,2010,jan
16740,1,1,7,36,6,1,6,1934.7646,5,1988.6855,2972.4882,7819.4325,1988.6855,2021,jan
45780,1,1,15,40,5,1,1,3566.4604,3,3224.8066,0.0000,0.0000,3560.2678,2018,jan
41940,1,2,9,43,1,2,6,7497.4815,3,7637.0550,10782.7886,0.0000,7637.0550,2013,jan
10740,1,1,16,45,1,1,1,1478.9410,4,1446.9942,2175.1406,0.0000,1537.5484,2013,jan
35620,1,2,16,40,1,1,2,3835.4945,2,3805.6661,0.0000,0.0000,3805.6661,2012,jan
0,1,2,12,-1,-1,1,-1,0.0000,8,2285.9449,0.0000,0.0000,2285.9449,2018,jan
0,1,2,4,39,1,1,5,3863.3395,2,3854.5350,5440.1828,0.0000,3854.5350,2014,jan
14260,1,2,8,39,1,2,5,1036.0188,3,1004.2498,1455.2002,4054.6203,1004.2498,2019,jan
16980,1,2,4,40,1,1,6,3208.9273,3,3261.5299,4612.5599,13012.7972,3261.5299,2010,jan
0,1,2,12,36,6,2,6,782.5385,3,787.9751,1137.1395,0.0000,787.9751,2020,jan
42660,1,1,14,44,1,2,6,2755.2438,1,2787.6889,0.0000,0.0000,2787.6889,2015,jan
12580,1,1,2,39,7,2,1,3465.5896,2,3362.6524,4855.6634,0.0000,3362.6524,2017,jan
30460,1,2,8,39,1,1,4,1879.1676,2,1941.5146,0.0000,0.0000,1941.5146,2011,jan
33700,1,2,8,43,7,2,6,7201.0656,4,7214.8868,10802.7635,0.0000,7214.8868,2021,jan
41180,1,2,11,43,1,1,6,4130.9588,1,4176.1359,6189.6222,16557.9363,4176.1359,2023,jan
37980,1,1,12,43,1,1,6,819.7493,2,806.9988,1157.1120,0.0000,806.9988,2016,jan
16740,1,1,15,-1,-1,2,-1,0.0000,6,3144.7237,0.0000,0.0000,3144.7237,2015,jan
41860,1,1,7,40,7,2,6,4002.8662,4,3936.1738,0.0000,0.0000,3936.1738,2011,jan
0,1,-1,14,-1,-1,2,-1,0.0000,3,5373.9940,0.0000,0.0000,5373.9940,2024,jan
22020,1,1,15,42,1,1,6,409.7782,3,415.3182,587.5428,0.0000,415.3182,2013,jan
0,1,1,7,44,5,1,1,1623.1717,2,1973.1108,0.0000,0.0000,1529.8334,2014,jan
29820,1,-1,10,43,7,1,6,2105.4768,2,2212.9431,3279.9004,0.0000,2212.9431,2024,jan
0,1,1,11,-1,-1,2,-1,0.0000,4,1374.9465,0.0000,0.0000,1374.9465,2022,jan
38220,1,1,13,39,1,1,1,1152.6205,2,1155.0577,1703.6671,0.0000,1175.0279,2019,jan
36100,1,1,5,39,4,2,6,5194.3794,4,5024.4257,7066.5080,0.0000,5024.4257,2011,jan
27140,1,1,16,43,7,2,1,1379.6877,2,1377.8784,1989.6537,0.0000,1377.8784,2017,jan
47900,1,1,15,43,7,2,6,5231.3605,4,5380.8787,8054.4490,20477.7685,5380.8787,2022,jan
12580,1,1,16,39,1,1,4,1658.6666,2,1641.3470,2321.9824,0.0000,1641.3470,2013,jan
47900,1,1,16,-1,-1,1,-1,0.0000,4,461.3152,0.0000,0.0000,461.3152,2021,jan
0,1,1,13,39,1,2,1,1614.9487,3,1616.6609,2312.3278,0.0000,1616.6609,2018,jan
0,1,1,9,39,5,1,1,2840.6641,2,2721.0507,4038.6830,11119.3307,2854.8366,2013,jan
41700,1,1,9,39,1,1,3,3790.2936,2,3809.8772,5422.4954,0.0000,3809.8772,2018,jan
33460,1,2,1,-1,-1,2,-1,0.0000,4,4394.5667,0.0000,0.0000,4394.5667,2017,jan
12940,1,2,14,43,1,1,6,2600.4026,3,2601.2959,0.0000,0.0000,2601.2959,2023,jan
0,1,1,11,43,5,1,1,460.4256,2,383.6171,631.7465,0.0000,447.6237,2012,jan
27140,1,1,12,40,1,2,6,1782.6371,2,1751.4155,2505.0688,0.0000,1751.4155,2018,jan
0,1,1,9,37,5,2,1,657.3398,2,664.2405,0.0000,0.0000,664.2405,2017,jan
15380,1,1,13,41,1,1,1,2818.6862,3,2652.3344,0.0000,0.0000,2767.3844,2011,jan
0,1,1,8,40,5,2,1,623.7352,2,615.2881,868.7278,0.0000,615.2881,2013,jan
20260,1,2,6,37,5,2,6,1452.6009,1,1460.4340,0.0000,0.0000,1460.4340,2014,jan
37980,1,1,15,40,3,2,1,907.2789,4,870.2333,0.0000,4240.6599,870.2333,2021,jan
39140,1,1,13,43,5,1,1,3595.1201,5,3258.6296,5006.1551,0.0000,3452.7708,2019,jan
0,1,1,16,-1,-1,2,-1,0.0000,6,1091.6563,0.0000,0.0000,1091.6563,2019,jan
46520,1,1,16,-1,-1,1,-1,0.0000,4,757.5304,0.0000,0.0000,757.5304,2017,jan
